-- MySQL dump 10.13  Distrib 5.7.17, for macos10.12 (x86_64)
--
-- Host: 127.0.0.1    Database: FI_ITIS_MEUCCI
-- ------------------------------------------------------
-- Server version	5.6.38

/*!40101 SET @OLD_CHARACTER_SET_CLIENT=@@CHARACTER_SET_CLIENT */;
/*!40101 SET @OLD_CHARACTER_SET_RESULTS=@@CHARACTER_SET_RESULTS */;
/*!40101 SET @OLD_COLLATION_CONNECTION=@@COLLATION_CONNECTION */;
/*!40101 SET NAMES utf8 */;
/*!40103 SET @OLD_TIME_ZONE=@@TIME_ZONE */;
/*!40103 SET TIME_ZONE='+00:00' */;
/*!40014 SET @OLD_UNIQUE_CHECKS=@@UNIQUE_CHECKS, UNIQUE_CHECKS=0 */;
/*!40014 SET @OLD_FOREIGN_KEY_CHECKS=@@FOREIGN_KEY_CHECKS, FOREIGN_KEY_CHECKS=0 */;
/*!40101 SET @OLD_SQL_MODE=@@SQL_MODE, SQL_MODE='NO_AUTO_VALUE_ON_ZERO' */;
/*!40111 SET @OLD_SQL_NOTES=@@SQL_NOTES, SQL_NOTES=0 */;

--
-- Table structure for table `ALUNNO`
--

DROP TABLE IF EXISTS `ALUNNO`;
/*!40101 SET @saved_cs_client     = @@character_set_client */;
/*!40101 SET character_set_client = utf8 */;
CREATE TABLE `ALUNNO` (
  `ID` bigint(10) NOT NULL AUTO_INCREMENT,
  `NOME` varchar(255) NOT NULL,
  `COGNOME` varchar(255) NOT NULL,
  `CODICE_SIDI` varchar(255) NOT NULL,
  `CODICE_FISCALE` varchar(20) NOT NULL,
  PRIMARY KEY (`ID`)
) ENGINE=InnoDB AUTO_INCREMENT=2110 DEFAULT CHARSET=utf8;
/*!40101 SET character_set_client = @saved_cs_client */;

--
-- Dumping data for table `ALUNNO`
--

LOCK TABLES `ALUNNO` WRITE;
/*!40000 ALTER TABLE `ALUNNO` DISABLE KEYS */;
INSERT INTO `ALUNNO` VALUES (64,'quartilia','finiti','11553087','BTADRA05B15D562X'),(65,'ademaro','simonetti','12134641','BDLSMN05H07Z345P'),(66,'orlanda','bello','17007308','BZZMTF03A01Z240P'),(67,'marga','labella','7581013','ZZADVD05E06D562P'),(68,'lodovino','sanges','11121644','TBNSDA05R07Z330X'),(69,'radegonda','marocchini','4796164','JDNNDR05H11D562Z'),(70,'tarcidio','fadda','14179127','LJBBLL02R10Z249T'),(71,'toruccio','bartolucci','6110630','LBNNDR04E13D562E'),(72,'odiana','callegarini','8385443','LDNLSS05L08D562R'),(73,'gregoria','Fusco','4629031','LDBJCP04S14D562J'),(74,'giugliano','vella','16433924','LLCMLN03M01D612I'),(75,'gianpietro','bento da silva','10340234','LLGMTT04P21Z503A'),(76,'cara','angiuli','6182900','LSAMNL04H21D562K'),(77,'festina','pulsoni','10427953','MTADNL05H24F839Y'),(78,'aristidina','dallago','11117287','MRAGRL05E07Z509R'),(79,'olisio','moiano','6270111','NTMGNN05M19D562K'),(80,'piacentino','Ferro','11591892','NTGVTR05T23Z509H'),(81,'nicandrina','milenov','6311574','NTNCLD05S26D562X'),(82,'aria','ceraldi','9835302','PLTDVD03B26D562L'),(83,'ormisde','sementilli','12070785','RCNZMN04P18Z213W'),(84,'irlanda','fabbrizi','6182875','RDNGRL04A24D562T'),(85,'irene','lippi','3732320','SNCPNL05A28D562Y'),(86,'brunina','soro','4554835','BCCFPP04R22D562W'),(87,'eccelso','manzi','4788095','BCCDGI04T21D562A'),(88,'consola','narducci','11117334','BCCJCP05S29D562X'),(89,'clino','de florio','8922424','BGNTMS05C26D562D'),(90,'reale','adorno','8248464','BNAFPP04D22D562C'),(91,'sem','Fiore','6182852','BJRLSS05E02D562Y'),(92,'flore','avendato','8385471','BLSFBA04M03D562E'),(93,'franzio','rossi','8922668','BNDGLI04S12D562H'),(94,'oscar','laita','7274536','BNDMTT04T21D562G'),(95,'latino','hossain','8922425','BNDLSS05E23Z509J'),(96,'audenzia','potalivo ','10502494','BNDFRU04D11D562M'),(97,'tonuccio','tioni','4764455','BRDFRC04A08D562K'),(98,'ridolfo','pasquini','10816717','BRDCSM04H20Z509Z'),(99,'ulderigo','paglia','6120260','BRLLRD04P23Z509C'),(100,'oliero','fontana','10345259','BRNMRC05B01Z509H'),(101,'walfrido','scarale','10635336','BRNLGU04E21D562T'),(102,'armilla','ciarla','8385826','BRTLNZ04P03Z509A'),(103,'fernanda','de simone','10716380','BRZLNZ04S11D562I'),(104,'berardo','fratini','4788262','BSSRNI05M45Z509O'),(105,'raffaelle','carpi marasco','10230004','BTSNCL04H30D562G'),(106,'ireno','chiricozzi','11096186','BTSGDI05B64D562T'),(107,'felippo','cecere','11098130','BLLLSN05P18D562A'),(108,'ardo','brizi','7581085','BLLMRK04B26Z509R'),(109,'casto','gamberini','0','BLMRRG04A16D612Z'),(110,'foglia','Ferrari','6000318','BMPSML04H10D562G'),(111,'longino','esposito','8922642','BNCSML05S03Z509T'),(112,'bacchisio','mane','9741584','BNDNDR06A26D562C'),(113,'tittina','Gargiulo','7581039','BNDLRD03H18D562D'),(114,'dionilla','marata','7274786','BNLLRD05P28D562P'),(115,'leido','pinna','2923323','BNZGSI04A30D562S'),(116,'nivardo','focaccia','9741437','BNSGNN05S14D562M'),(117,'brigido','grebenea','10635337','BNVNCL04E17Z509I'),(118,'gusmano','aguila','8657684','BNVSFN05R09Z509A'),(119,'salvatora','croce','0','BRSTRM04P27Z160X'),(120,'fenicia','fralassi','8922571','BRLNRE04D29Z509F'),(121,'giannino','errichetti','8385472','BRLTMS04C11D562H'),(122,'eberardo','boubaker','4589931','BRNTMS05L13D562E'),(123,'bernardino','lucani','3107297','BRNCST05D05Z509U'),(124,'mammola','bello','6000343','BRNRCR04P10D562G'),(125,'aldomiro','Arena','10533703','BDNGNN04H07Z129T'),(126,'marina','valvano','8385364','BGISFN04A27D562O'),(127,'petra','wozniak','11101001','BGNMLE05B22D562F'),(128,'galgano','bartolini','0','BGTTRS04R71D562F'),(129,'reggio','gigante','8922428','BFFLSS05D18D562M'),(130,'olao','antosh','10077890','BNIFNC04S07D562N'),(131,'nicolosa','acunzo','0','BNIMHL03M04D562X'),(132,'lao','Pace','7274837','BNITMS04E09Z509U'),(133,'dalinda','Bianco','6000407','BNDFNC04B11D562Z'),(134,'arialdo','speziale','10568829','BTTFRC04A29D562X'),(135,'faledra','cataldi','4554909','BRBMKL04B06D562I'),(136,'illia','Romano','2926762','BLGNDR04R16D562M'),(137,'giovannica','bartolini','11096210','BNOFRC05E12D562G'),(138,'feliziana','giura','7580918','BNNLNZ04E05D562K'),(139,'vivianna','armaroli','8385519','BRGTMS05L29D562O'),(140,'fioramonte','iacobelli','7274789','BRGGRG05S28D562L'),(141,'ginio','pello\'','8385568','BRGGRL05A26D562B'),(142,'popola','rimoldi','10667876','BRRFRC04R22D562G'),(143,'coletto','Ferrara','7581088','BSCGLI04M04D562T'),(144,'armellina','cagnotti','4441198','BTZMCL04E05Z129P'),(145,'clerice','wally','6110792','BRNMTT04T14G999M'),(146,'giorlando','callegarini','17112641','BRVLNR04H28D612D'),(147,'paoluccio','spalletta','2926586','BRGRLD05B02Z100P'),(148,'ezechielle','apa','7274697','BRSLRA05B59E625K'),(149,'tobia','sala','9395499','BRCMTT04D06D562O'),(150,'ferrante','Longo','0','BRGPLA04P16D562V'),(151,'raldo','frasca','8385446','BRCSMN05R01D562F'),(152,'marsina','romagnoli ','7274639','BRNGGR05M06D562I'),(153,'bonfilio','cellini','5000826','BRNLNZ04P21Z509B'),(154,'fulviana','Coppola','11121663','BRSMTT05H07D562I'),(155,'salvato','vassura','4740793','BRSGNN05B03D562B'),(156,'toriddo','zepponi','11096165','BRTGLI05S64D562C'),(157,'germondo','filippelli','12076694','BCCMRC05M19D562V'),(158,'crista','rucci','11096166','BLGCLD05P15D562E'),(159,'esperia','covato','3732269','BRRNCL05S28D562N'),(160,'fornaretto','Guerra','7690949','BRRCLL05P08Z509Z'),(161,'gabriella','donnhauser','4578572','BTTLNZ04M26A657K'),(162,'osmanna','bello','7516348','BZKKVN04B16D562B'),(163,'magdala','cerilli','8385473','CBZCLL04B50D562D'),(164,'carlina','ciervo','9395528','CCCTMS05H15D562Y'),(165,'duilia','Aiello','10694870','CCLLND04C31Z129C'),(166,'ileano','Pepe','6311578','CLBSMN05S29D562A'),(167,'toscana','paolini','8658525','CLMLNZ04B18Z509F'),(168,'verther','baragliu','7392196','CLNLSS04L20Z509S'),(169,'giacometta','Carbone','11095253','CMBSLF05P22Z509K'),(170,'carlo','mane\'','7580941','CMLMTT05R02D562F'),(171,'marxino','rosato','2926768','CMRMTT04R18D562X'),(172,'ermella','Ruggeri','8385474','CMCDNL05H20D562C'),(173,'maudo','di marco','10640700','CMMRFL04L05D562S'),(174,'fermentina','minuz','8078385','CNSNDR05S11Z509K'),(175,'viscardo','d\'amico','11257065','CNSMTT05H01D562S'),(176,'vilfrida','pello\'','4578672','CNGNTN05S11D562M'),(177,'querrina','Neri','8385520','CNTLRD05A23D562Q'),(178,'nivia','marchesini','10230010','CNTLSS04S25D562Z'),(179,'loreto','boes','12777189','CNALRD05A02Z509D'),(180,'iago','Battaglia','7581140','CNZGPP05B21D562T'),(181,'dirce','mugione','7392244','CPTLNZ05T05Z509A'),(182,'prunisinda','caporilli','8385475','CPLSAI04B63Z509T'),(183,'vito','Antonelli','10653977','CPRRCR04P26D562M'),(184,'feridia','bartolini','10230033','CRLRCR05R03Z509K'),(185,'auretta','zaccaria','12070949','CRLRDI05D02D562W'),(186,'piave','palazzari','8385758','CRSLSS04S65D562F'),(187,'siriana','casella','8385759','CSCGGR04A22D562Z'),(188,'nena','di lena','10759033','CSNNDR04P30Z509Q'),(189,'dusola','Costa','8657686','CSNMTT05T14Z509Q'),(190,'imeldo','bello','6000408','CSSLRI04A43D562Z'),(191,'eutimia','russo','3230974','CSTJCM04E42Z509K'),(192,'sante','iacoangeli','0','CSTFNC05M24D562T'),(193,'didimo','urbini','3732354','CVLKAU04B09Z602C'),(194,'valerina','gubinelli','4452264','CVLGLI04R08Z509J'),(195,'vanno','caligari','3107448','CVNMTT05T10Z509L'),(196,'addamiano','piga','8384414','CZZDVD04D15D562P'),(197,'martira','Pepe','13508552','CCNDLS04M09D612H'),(198,'bianchino','paduano','3713855','CCCMTT05S29D562S'),(199,'aldemiro','torraca','11576223','CCCDRD05D30D562P'),(200,'lucillo','grossi pavia','7274484','CNTCRS05P20Z509R'),(201,'batista','sartori','4555291','CRBLGU02M04D562S'),(202,'accorso','gasmi','7581092','CRBTMS04S25D562D'),(203,'menuccia','tabane','17001780','CRDMHS02R14D612I'),(204,'nivardo','campana','8385953','CSTDRD04C25Z509F'),(205,'dalila','Marini','11597508','CHLLNZ05T13Z509Y'),(206,'gennara','moschetti','6352867','CHNDRA05C07D562R'),(207,'magda','gromala','6352868','CHNLNZ05C07D562K'),(208,'elsia','grebenea','3107329','CHRVNT04R11Z509S'),(209,'orchidea','malagigi','4711161','CHCLSN05B11Z138D'),(210,'aduo','ciervo','2926657','CMPNDR04L25D562B'),(211,'giovina','popescu','10767242','CPNNCL04M07D562D'),(212,'ordelia','Marchetti','7274791','CSCFRC05L06D562O'),(213,'alderio','salvini','0','CVRLNZ04H23Z509T'),(214,'fadino','d\'achille','3107377','CCLMRC04E21Z509Z'),(215,'galgano','lunerti','4740795','CCCLSN05M12Z509C'),(216,'shah','Montanari','4788239','CCCLNZ05D16D562R'),(217,'gigliolo','errahmani','10620261','CSTFRC04H30D562Y'),(218,'genuzio','Battaglia','4629078','CLLLNZ05L11D562H'),(219,'avventino','Benedetti','7274643','CLLLSN05D01D562P'),(220,'folicardo','Milani','0','CLLGRL04A16D562N'),(221,'fiorellino','Fusco','11100918','CLZMRK05R09D562Y'),(222,'giorlanda','di sipio','8922436','CNSCSM03T24D562F'),(223,'giampietro','Martinelli','10230058','CNTGNN05A23D562H'),(224,'novellino','siapian','7392218','CNTPTR04B14Z509R'),(225,'ivania','pompili','4554938','CNTTMS05B26D562E'),(226,'prassitele','marchesini','7274486','CSODRD05S05D562Z'),(227,'pompea','fraticelli','5010326','CPPLNZ04B13D562M'),(228,'iliano','De Rosa','8385760','CRSGCM04S09D562P'),(229,'eudemio','salvini','3732275','CRTCRS05R17Z509U'),(230,'dolores','bardi','11591716','CRTPTR05P21D562N'),(231,'filicetta','michilli','3957205','CRTFBA04E11D612C'),(232,'popola','cicconi','6311582','CSMSML05E26D562O'),(233,'emerica','Rizzo','4554914','CVRFPP04A29D562G'),(234,'arletta','vitor','8385525','CRSNCL05D10D562Y'),(235,'fiorano','apreda','8385368','CRSTMS04B04Z509B'),(236,'addiego','usami','10653979','CRTNDR04S18D562E'),(237,'ricco','sasvari','14011733','CRTVLD05S06D562R'),(238,'pinella','capanna','4764071','DBRNTN04R23D562Y'),(239,'guerrazzo','linzi','11527433','DMBCTN04E09Z154S'),(240,'orsolino','minestrini ','8078657','DMBVNT05M14D612H'),(241,'provido','minelli','3107497','DLAGRL05L24D562L'),(242,'arnoldo','sasvari','11117238','DLPNMN05R13D562H'),(243,'lellio','la sorda','13502129','DMNBHN01M02D612G'),(244,'edro','castagna','8385482','DPNNDR04D25D562A'),(245,'abbondanza','bassolino','13471153','DRADTN03B23Z509U'),(246,'felse','dolciotti','11636328','DGNDRD05T18D562H'),(247,'inelda','valvano','4777303','DLCLGU04L26D562P'),(248,'gioela','de stefano','10425725','DMRGRL04E12D562S'),(249,'monserrata','fabbrizi','2923342','DMRYRU05C16Z509E'),(250,'consola','gatti','10077896','DMRDGI04B02Z509N'),(251,'curzio','leonetti','7515250','DMTRRT04P04Z509S'),(252,'orsoletta','boes','6182834','DNRMNL04T20D562N'),(253,'fernero','marata','11652252','DSMLSN06C03E054N'),(254,'riva','Ricci','6000321','DSMNRW04E05D562H'),(255,'siegfrid','Benedetti','9395601','DCNBJM04C27Z509V'),(256,'galiana','assal','11397069','DGLLXA05L27Z155V'),(257,'eleo','policarpo','10613535','DEIMTT04T29D562L'),(258,'micuccio','polidori','11576424','DLPNDR05L18D562I'),(259,'niveo','mena','9395534','DLRLRD05B17D403N'),(260,'fenenna','pello\'','4578578','DLSTMS04H27Z509Y'),(261,'basiliola','zapalski','11100862','DLLLGU05S20Z509N'),(262,'dagoberta','mugione','2923344','DCRLRD04P10L103P'),(263,'mora','vidanalage','12379334','DDIMSL05P16D562J'),(264,'agnello','rocchi','6353546','DVCLSS02D29D562B'),(265,'riposa','Barone','7274701','DSCJJN05D29D562D'),(266,'odigitria','curcio','7392277','DKUGRL04S01D562V'),(267,'armelindo','Ferrara','13519513','LSHHDM03S30D562F'),(268,'foliana','russo','11121682','FBBGLI05C71D562W'),(269,'iselde','bruni','9395425','FBBSML05M11D562G'),(270,'artemisia','delgado','10577432','FBNSFN04A27D562X'),(271,'primula','sepe ','8657666','FGNMTT05H23D562K'),(272,'odinella','martino','10613565','FLSGLI04D09D562H'),(273,'ribello','malagigi','2923351','FLCLSN03A28D562L'),(274,'reni','attendoli','11121631','FLLTMS05E02D562X'),(275,'fortunatella','sipio','10614125','FLGNCL04C09D562T'),(276,'adrienn','Calabrese','8248473','FNCSFN04E31D562M'),(277,'lisena','Garofalo','10588062','FNTRCR04L29Z509O'),(278,'veridiana','piersanti','8658962','FRJDRA02R11Z509Y'),(279,'oscare','zaccaria','3107380','FRRLPA04L05Z509Y'),(280,'conone','Pinna','8922444','FRRMTT05C25D562D'),(281,'fernaldo','zanellati','11508769','FRRCST05T10Z509W'),(282,'muzio','barsanti','3732280','FRRLSN04D06D562V'),(283,'bonaria','carucci','8657766','FSCLPA03M21D562U'),(284,'feria','Vitali','4796169','FLPLLS04M54D562R'),(285,'geo','azzarri','10630269','FLPLSN04M08D562Z'),(286,'renzi','comini','4796201','FLPLRD05B27D562U'),(287,'udilla','di santo','11100878','FCNLNZ05P11D562V'),(288,'floridana','Rizzi','11260433','FDRCLD05H26D562T'),(289,'pinotto','polyzopoulos','8922446','FGLMTT05P24D562I'),(290,'metella','iuliano','0','FRNVNI04B16D562O'),(291,'enotrio','Sorrentino','9376732','FRNFNC05L19Z509H'),(292,'erno','lazar','11460083','FRNGLI05E24D562O'),(293,'teresino','severi','11100893','FRSLPA05P21D562N'),(294,'odilla','bertini','3107499','FRTNDR05H11D562Z'),(295,'orieldo','Benedetti','11552131','FRTFRC05A12D562S'),(296,'norio','harasymiuk','3732386','FRSMTT05L02D562W'),(297,'asterio','magalotti','8922406','FRLLNZ05E22D562G'),(298,'damino','fasano','8248442','FRUNDR04C03D562U'),(299,'deonisia','seri','8922407','FSUSML05S14Z509Z'),(300,'ippolita','tranquilli','7580971','GLRMRA05A07D562Y'),(301,'delfo','wilmer','10653910','GLZGRL04A06D562P'),(302,'tilde','sorbalo','3732387','GLLDMN04P08Z509P'),(303,'paolo','michilli','8385763','GRGGLD04S24D562I'),(304,'omes','bentivegna','8385787','GRGGJN04S24D562J'),(305,'renata','cagnotti','8385549','GRGGRL04B20D562A'),(306,'bordino','mollica','9904124','GRFTTR05S19D562D'),(307,'barnaba','carrara','11576225','GRFMRC05C12D562E'),(308,'leido','conflitti','9205728','GSPLNZ05A26Z509T'),(309,'fiumano','sarpieri','10620265','GSPGRL04A28D562I'),(310,'agrippino','callegarini','6630529','GMGLEI04B11Z509A'),(311,'carolo','Pozzi','6182859','GHZKRM05T31D562S'),(312,'grimaldo','cangini','2926675','GHLMTT04H01D562N'),(313,'abele','bugli','8384419','GMPDSR04M44D562S'),(314,'fedalma','valvano','2926678','GNSMTT04D21D562T'),(315,'eccelsa','adorno','10613500','GNIMRC04T20D562L'),(316,'benuccia','tronconi','12071594','GNNCLD04A16D612W'),(317,'provvidenza','Antonelli','8078391','GNNVSC04T14Z509K'),(318,'noemio','bragioto','6182883','GNNGLI05D19D562V'),(319,'climene','Antonelli','8385504','GMGGRL04A31D562W'),(320,'fondina','costantini','9741463','GNPDVD05M21D403O'),(321,'rizziere','zenina','10674721','GRDLRD04E14D562F'),(322,'angelina','di tuoro ','11260435','GVNMTT05A05D562P'),(323,'libertas','ghini','10533652','GVNNDR04S23D583U'),(324,'wolframo','Rizzo','8658208','GRDLRD04C08D562K'),(325,'teresa','basile','8922716','GLNGLI04S24Z509Q'),(326,'alcino','Ruggeri','10077900','GLNMTT04C19D562R'),(327,'zaro','covato','10635347','GNTMRC04M24D562S'),(328,'venazio','dallago','11835967','GJNRRS03H03Z100L'),(329,'olfino','ciarla','8922829','GJRGLB05L27Z509B'),(330,'signorino','Conte','8248425','GLNTMS03H04D562Z'),(331,'bujar','guzman soriano','10234324','GNZMLJ04S01Z600E'),(332,'atto','Costa','4578625','GNZLSN04A28D562I'),(333,'alferino','alam','8922717','GROFNC04R17Z509Z'),(334,'miniato','sanna','12076720','GRNRCR05A20D562V'),(335,'nolberto','mahu','5000839','GRCLEI04L17Z509Q'),(336,'consolata','Brambilla','4554966','GRFNCL05R04D562R'),(337,'crispoldo','sestito','7392202','GRFLPA04C20Z509B'),(338,'iaele','carucci','4629083','GRGCSM05S12D562R'),(339,'erminia','fiadone ','4629084','GRGNEE05S12D562R'),(340,'obriana','de filippis','7274566','GRLDVD05R22D562T'),(341,'anselmo','bassolino','4764075','GRSGRL04T28D562D'),(342,'tarcisa','usami','10639045','GZZLRD04C28D562K'),(343,'fidalda','stefanovich','8248399','GRRGCM05L04Z509Y'),(344,'averino','siapian','12777167','GTRMLN04M02D612K'),(345,'euridice','grossi pavia','10502486','GZURHN03T12Z100X'),(346,'aristeo','paglia','9057183','HEXJKY04M24G999Q'),(347,'giovancarla','castaldi','6401059','HUXJKY04H24I452B'),(348,'marello','fontanilla','11737204','HMNJNT05L19D612O'),(349,'guelfo','emumwen','11090735','HYTSRL05C25Z509Q'),(350,'gasperino','piro','3107408','NNLLPA03T19Z509P'),(351,'nieve','pozzi','8192754','NNCNCL05S10D562H'),(352,'alealdo','serban','17021637','RRTMRC03T23D612Z'),(353,'zaveria','ciarlariello','11105267','SPSCMN05E21Z129H'),(354,'furiano','de peppe','13471151','KKNSDR04M22Z254S'),(355,'filargina','d\'agapito','0','KLJCLL04M18D562O'),(356,'raule','fontanella','13820872','KZLLND04S13D562K'),(357,'romantino','apreda','10816671','KLLMTT04H26D562V'),(358,'feo','hijjoui','3732398','LTRFBA05B01E625Y'),(359,'petra','cenciarelli','2941951','LNDLNZ05C30D562P'),(360,'maino','croce','12071800','LNDJNV04D05E715E'),(361,'nuncia','milutinovic','4788295','LNDYRU04L28D562A'),(362,'marussia','mussinelli','11096174','LNGVCN05P18Z509Y'),(363,'odigitria','mamone','3732401','LNZGDU04C29D562A'),(364,'matteo','Ferrara','8385531','LNZTMS05M17C415G'),(365,'severiana','spalletta','14677382','LRRDLN04C05D612J'),(366,'opelia','callegarini','12376621','LSGLNZ05T06Z509A'),(367,'grazioso','errahmani','10701144','LDNLRD04M20Z509Z'),(368,'eleuterio','bragioto','8385374','LZZMRK04R08D562I'),(369,'tersilla','la sorda','11100939','LZZDVD05E13D562L'),(370,'brasilio','pisacane','8922605','LZZMRC05M17D562K'),(371,'chicca','rosato','11117278','LKJNDR05R13D562O'),(372,'armanno','zapalski','11098119','LBNKCB05A51D562Z'),(373,'piergaetano','nini','7707416','LNIMRA04H22I348T'),(374,'leopardo','contiu','11576454','LPPDNL05A09D562E'),(375,'miralba','bellaneve','10722582','LSCFNC04T04Z509G'),(376,'lanciotto','Mele','10769522','LVSTMS04E16D562Q'),(377,'elios','gori','7274706','LDDGRL05H16D562Y'),(378,'potito','romano','12792412','LMBMNL05R27D562M'),(379,'ascenso','veneziani','8385793','LMBMTT04B15D562A'),(380,'nabucco','lunerti','9919461','LMBMTT05E07D562N'),(381,'leonaldo','andruccioli','10614131','LPZLSN04B13D562L'),(382,'mingo','Napolitano','12074187','LSHLHD03S12Z100O'),(383,'berengaria','Rossetti','4740803','LTTCSM05M06Z509A'),(384,'odelide','bento da silva','10533697','LTTLRD04A22D562S'),(385,'maggiorino','Barone','7690986','LTTLNZ04P01Z509E'),(386,'salvetto','orlandi','7581120','LCULSN05E05D562G'),(387,'turino','casadei','4788419','LPNLRI03L63D562H'),(388,'zulino','napoli','11576455','LPUNTN05B22D562I'),(389,'zola','De Rosa','8385510','MGBBYN04H11E715Q'),(390,'lenin','zinnamosca','8922728','MGGDNL03B19Z509X'),(391,'elvea','iachini','10340044','MGHFPP06A29D562P'),(392,'salve','lopez','8922608','MRNLNZ05E19Z509U'),(393,'silvia','hajji','8922531','MRNTMS05P19D562J'),(394,'ruberto','baronti','17536673','MJMTVR04D21Z249E'),(395,'virgilio','Grimaldi','7256393','MLNCHR04P54D562B'),(396,'domenica','muratori','3107504','MLCJSF04B06Z509E'),(397,'nereo','Parisi','3732293','MLQNDR04E16D562W'),(398,'merina','martino','4578627','MLPMTT04D06D562Y'),(399,'oreglio','de peppe','8385813','MNCGRL04A20Z509U'),(400,'ingenuina','Bruni','12865430','MNCPBL04S19D562V'),(401,'nilvo','pracucci','8657699','MNDFRC05R28Z509E'),(402,'bastiano','andruccioli','4629042','MNCVCN04S02Z509V'),(403,'derno','popovici','6270124','MNNTMS04M15D562L'),(404,'olimpo','piacentini','4578628','MNNSFN04B26D562L'),(405,'cicerone','stefoni','12466600','MNRGRL04D03H501Z'),(406,'oriemme','galli','10685549','MNSMTT04L31D562U'),(407,'adele','mollica','11112441','MNZLNZ05T24D562J'),(408,'saffo','balloni','7274798','MRNCSM05D12D562U'),(409,'bluetta','Sanna','3231008','MRNSML04R13Z509V'),(410,'rinella','patwary','8385405','MRCRCR05D02D562R'),(411,'casimirro','iuliano','11459981','MRNFPP05H12D403W'),(412,'fenenna','dallago','11576458','MRNKNM05H06D562D'),(413,'remidio','Bianco','6669702','MRNNCM05B23A509E'),(414,'clemenza','mauro','11257033','MRKRND05B09D562Y'),(415,'febrino','mangano','17111746','MRKDNL04D06Z100U'),(416,'orviano','Costa','13488301','MRQJRL04D07D612J'),(417,'venanzina','pierucci','10653988','MRTTMS04M03Z509G'),(418,'giovita','latini','6000329','MSANCL05D26D562Q'),(419,'anta','boncompagni','11076343','MTTTMS04A17Z509C'),(420,'gelmiro','cospito','11754512','MRAMTT05S11D562U'),(421,'omas','nurul','8922469','MZZDCC03B17D562S'),(422,'zeffiro','iacoangeli','11466084','MZZLRD05D08D562O'),(423,'rosio','tufano','10506784','MZZFRC04B22D562N'),(424,'romina','narducci','8922657','MCHLRT05M10Z154K'),(425,'calfiero','minestrini ','2923382','MGNSML05P22D562B'),(426,'ivania','usami','10674733','MLNMTT04H07Z509F'),(427,'sigisfrido','Sala','4788106','MLNLRD04R08D562X'),(428,'filotea','iacoangeli','8385534','MNCFPP05C17D562I'),(429,'dionella','Cavallo','0','MNGLNZ05H28D562O'),(430,'babila','Pastore','7392308','MRTGCM04B03Z509N'),(431,'carmelito','policarpo','10548630','MSSMTT05E27D562V'),(432,'veronico','di marco','10630270','MSTSRN04L04D562B'),(433,'oldino','carina','7581124','MCCFNC05D24D562W'),(434,'armistizio','policarpo','10613578','MCCNCL04D24D562X'),(435,'fabbrizia','nurul','7581100','MCHGLI04M24Z509N'),(436,'milvio','scotti','11096208','MCHNCL05D07Z509U'),(437,'gerbina','ferrarese','13290329','MCHMTT03P14Z509X'),(438,'fileno','policarpo','4769841','MLLNCL04C02D562X'),(439,'irmina','tomassi','7274874','MNLMRK04R03D562F'),(440,'ecle','sanna','8385582','MNTLMO05M29Z509H'),(441,'ligio','tarani','17021484','MHDRNH05L21D562I'),(442,'ugone','policarpo','14079194','MHMDMA04T03D562K'),(443,'rildo','palatano','10643365','MLNNTN05C22F839Z'),(444,'liberante','paradisi','11102601','MLLXLN04S21Z100O'),(445,'girlando','polyzopoulos','7256396','MLLDVD04P08D562W'),(446,'giglia','piro','4711224','MNBGLE04A16Z509R'),(447,'eccelsa','De Simone','6000416','MNCSML04S20D562X'),(448,'felio','fazi','2926835','MRLGLI05T03D562E'),(449,'peppina','von oppen','10613579','MRGNDR04B21D562O'),(450,'panfilo','el kaaba  armit','10533689','MROFPP04D11D562C'),(451,'adorna','Pozzi','6270126','MRCGNT03T22Z509I'),(452,'faliera','bellino','7274654','MRRTMS05P06D562Q'),(453,'slobodan','la bella','4740757','MSCGNN05B25Z509Z'),(454,'armelinda','Castelli','11096178','MSCVRI05B15D562S'),(455,'morfeo','veneziani','4578630','MSCSFN04B09D562F'),(456,'novella','anklin','9617035','MSSNSA05H18D562K'),(457,'avventina','di sipio','9617036','MSSYMN04R04Z509X'),(458,'quartiero','burla','3434042','MHMDRA03E30Z509A'),(459,'redivo','patruno','7581028','MHMSMN05R11D562B'),(460,'crocefissa','Castelli','7581126','MRDMTT05M07Z509S'),(461,'enrichetta','Marchi','16598774','MRRKJD05A18Z100A'),(462,'rito','pulsoni','8384447','NCRLSN05C07D562O'),(463,'famiana','pacini','11096181','NMKDNS05P16D562U'),(464,'ottilio','mane','3732424','NRDGLI05T30D562G'),(465,'ires','gentilini','4788254','NDJFLV04T31Z509P'),(466,'nuccia','filippelli','8657727','NDRRDA05E14D562A'),(467,'anelusco','panchetti','2926839','NNCMNL04C31C573T'),(468,'giorlanda','Ferrero','10196539','NNCDNL04C27Z509R'),(469,'fannina','jagmin','11097751','NSERTR05B25D562K'),(470,'asterino','campana','10674736','NSETMS04T18Z509N'),(471,'gerina','Colombo','2926564','NCSDGI04M10D562F'),(472,'faisa','passitto','3732426','NCTMRA03D10D562P'),(473,'gualfredo','gentili','3732427','NGRMTT05P23D562R'),(474,'donillo','vitor','10674738','NNCLRD04H20Z509J'),(475,'ciro','bushulli','11260438','NTTCST04T02D562E'),(476,'olimpo','Vitale','10816769','NCCDNL04C07D562I'),(477,'tanio','de la cruz','6270127','NCNSMN04E20D562C'),(478,'fidelfio','diamantini','7580933','NVLFRC04D10D562U'),(479,'salve','cataldi','8385459','BLCSML05D14D562G'),(480,'omelia','Ruggeri','7274596','MTTFNC03B07D562T'),(481,'orizio','paglia','11194954','TTRMTT04L13D562X'),(482,'ercola','urzo','2926709','PCAPTR04A04D562N'),(483,'ilario','Romano','4578585','PCNLRD04R19Z509G'),(484,'domiziana','marata','10481978','PGLGRL04T18Z509B'),(485,'ottaviano','Ruggeri','9395513','PLLRCR04B05D562V'),(486,'vittoriana','colongi','14011915','PLMFNZ05H01G999G'),(487,'pasquale','pasquini','6110643','PNALSS03T03D562D'),(488,'domiziano','Moro','7765914','PNAFNC05T09D562F'),(489,'quadrio','hossain','8078664','PNAGCR05M22D562W'),(490,'isacco','bonn','10077875','PLTMRC05S16Z509I'),(491,'manilla','coulier','7392207','PPAGDU04S25Z509N'),(492,'obbes','sala','10552103','PPAFNC04C19D562Y'),(493,'ifigenia','cusin','8922842','PRNLNZ05R09D562Z'),(494,'quinta','wozniak','8385707','PRGNDR05B11D562Z'),(495,'alcmena','vella','8385691','PRGTMS05B11D562R'),(496,'paolica','labella','16616531','PRNDNF04R11D612T'),(497,'stellamaris','eichenberger','10346393','PRSFNC04R09Z509J'),(498,'orione','urzo','10701154','PRRSML04S04Z509Z'),(499,'cesino','Agostini','8922482','PSQLPA04T20D562J'),(500,'emerio','kamal','14215995','PVLNTL03T10Z509M'),(501,'manlia','sanges','10196765','PCCGLN03R29D562O'),(502,'valeriano','Bellini','9346222','PLSMTT05M26D562G'),(503,'besso','sgrigna','2926715','PRRSML04L04D562N'),(504,'amaddio','steffanina','4740758','PRRCST04R29D562R'),(505,'orgilla','di pasquale','8922545','PSCNCI05S14Z509E'),(506,'olderigio','diamantini','10830529','PTRTMS04L24Z509D'),(507,'almiro','Villani','7196522','PTRRCR05H14D810W'),(508,'ernestino','rifilato','8922483','PTRNCL04A04D562U'),(509,'ricci','Guidi','4946457','PZZLCU05M16D562V'),(510,'medina','fralassi','8922843','PZZMRC05P22Z509N'),(511,'evarista','Valentini','7274527','PCCDRD04T19D562L'),(512,'elpidio','morsiani','7274802','PCCNCL05H14D562S'),(513,'pupa','tarani','8922484','PCCSML04T03D562D'),(514,'abbondazio','quadrini','4788181','PRLMLE04C18D562U'),(515,'stefania','medda','7392259','PRISCC05D16Z509W'),(516,'alfano','zavalloni','8657675','PPLLNZ05B28D562Z'),(517,'laurita','simoni','4629092','PRRCST05T08D562U'),(518,'sveva','fraticelli','10077916','PLCMTT04B28D403F'),(519,'domiziano','ianne','3732434','PGGLPA04R13D562F'),(520,'mietta','sestito','6182844','PMPNDR05R31D562S'),(521,'roldo','baldari','4554976','PSRGRL05M26D562P'),(522,'eunice','gutjahr','4648594','PZZNCL04H09Z509V'),(523,'policarpo','Donati','4554851','PRTRFL04S22Z509X'),(524,'adionilla','delgado','10613586','PRTGRL04T30D562C'),(525,'ismene','cataldi','13472200','PYSYGR03S06Z138R'),(526,'elfina','Baldi','11528344','QHJLNE05D28D562X'),(527,'felicina','rebeccato','14083817','QIUNGL02P30I046D'),(528,'censina','biondini','4554876','QDRNDR03L15D562W'),(529,'frines','morselli','16615170','RDAKLM05T24D562P'),(530,'valento','lazazzera','8248835','RGSMRK04E29D403I'),(531,'lisina','mariani','4578682','RMNLSS05C29D562J'),(532,'filadelfia','De Santis','12467817','RJPNNK03M10Z509L'),(533,'cabirio','balta','9538527','RSTNDR04S13Z509A'),(534,'arino','tazzari','8922488','RVGLNZ05H08D562K'),(535,'filargina','bernardi','7581106','RVGMRC04T29D562C'),(536,'nellusco','strazzanti','8922489','RGLMLI05E31D562G'),(537,'zulina','Rossetti','2926856','RTTLNZ05S05Z509A'),(538,'giosafat','boes','4578635','RCLNDR04M01D562U'),(539,'fausto','wicher','7274553','RCCRCR04D09D562H'),(540,'masiero','avendato','8922490','RCCTMS04R26D562U'),(541,'oscarre','d\'emilia','11100852','RGCLNZ05E08Z509H'),(542,'fabriele','Cavallo','7581149','RNLLSS05M05D562X'),(543,'novarro','ducci','8385798','RCCLSS04H43Z509N'),(544,'quisilio','fontanilla','3732442','RCCSML04E13D562E'),(545,'ilio','fontolan','11918614','RMGNCL05H05D562U'),(546,'rovero','giorgetti','10340901','RNCDVD05S16D562W'),(547,'fiammina','laita','18195857','RSLFRC05P26F123S'),(548,'ivetta','rosato','3713896','RSLSML05M01D562V'),(549,'temistocle','Longo','9395589','RSOFNC04R27Z509U'),(550,'archibaldo','planta','3107559','RSSGLI04E12D562W'),(551,'odila','vanni','11096184','RSSDRA05P25D562T'),(552,'adrienn','sestito','13807645','RSSNEE04B08Z509M'),(553,'metello','sorrentino','11096137','RSSGMR05E30D562S'),(554,'evangelisto','cospito','8385382','RTRMTL04C07D562T'),(555,'prosperino','eichenberger','10635356','RBNTMS04E10D562U'),(556,'mirocle','vitor','9449724','RGGTMS05R07D562J'),(557,'alfonso','laurenti','7274853','RSGLNZ04T04D562T'),(558,'pieretta','marocchini','8385557','RSSCRS04T03D562M'),(559,'aldimaro','romagnoli ','8248836','RSSNCL04L08D403K'),(560,'silene','taifi','7274528','SCCMTS04S22D562H'),(561,'aido','orlandi','2926731','SLNLNZ04D29D562C'),(562,'osetta','iuliano','8657794','SLSNLS03R24Z509R'),(563,'miretta','cellini','10619503','SLVMTT04T30D562V'),(564,'ascenzina','brunetti','4590006','SMMKNJ04L23D562T'),(565,'ivona','el kaaba  armit','8385586','SNDNCL05C16D562I'),(566,'siviglio','De Angelis','8922816','SNAFNC05M24Z509M'),(567,'leardino','ahamed','7274880','SRTFRC05E23D562C'),(568,'ires','sanna','10613591','SRTNCL04M31D562S'),(569,'quintilia','paolini','8248384','SSSTMS05B23D562G'),(570,'emirio','forcina','4554854','SCRLSN04B01D562J'),(571,'gelindo','Giuliani','7274503','SCRLNZ05L25D562X'),(572,'arina','panichi','4769766','SCHSHR04D12Z222I'),(573,'marziano','Romano','3732448','SCCTMS04S26D562C'),(574,'everaldo','benhadda','7274854','SNSGLI04S10D403P'),(575,'fenella','siracusa','7392236','SRGKVN03T27Z509R'),(576,'rambo','romani bergonzo','10506861','SRRJCP04R05D562M'),(577,'roviero','boschi','11508528','SSTNDR05B12D562N'),(578,'valentiniano','comini','12416817','SHHNTN05D26Z115P'),(579,'almo','domenicali','7260174','SHTRKE02P16D562Y'),(580,'favorino','porta','12474554','SCTFNC05A19Z216A'),(581,'gigetta','Bellini','8922845','SLILSE05H42D562V'),(582,'onezio','domenicali','12457219','SLPTLD05A20D562I'),(583,'veturia','castagnoli','8658217','SMNLRD05A02Z509C'),(584,'luigino','Martinelli','4991226','SMNMRK04R15D562V'),(585,'amanda','montevecchi','2926872','SMNNDR04M09Z509X'),(586,'argea','sassetti','11619137','SMNMTT05H23D562P'),(587,'idelio','Galli','12071170','SNCDSL03R14Z129W'),(588,'orfelio','Conte','12071586','SNGMRJ03S21Z222U'),(589,'santino','Marini','18240408','SNGSHD05L25Z222K'),(590,'alice','infante','13410115','SNGSRN04A16Z222I'),(591,'cristano','croce','11100979','STRLSS05S28D562N'),(592,'iano','guillen crespo','3107442','SKVLSN05S12D562M'),(593,'plinia','Greco','6100918','SMRBRM04L12G273P'),(594,'memmo','manzi','7274504','SCCLNZ05M12D562Z'),(595,'bordino','marata','8078402','SDNLDR05E13D562N'),(596,'orvedo','resende azevedo','8385385','SMGLSN04H10D562T'),(597,'giarrico','fiuzzi','4764053','SROSLN04P09D562Y'),(598,'madio','niane','7581277','SRTLSS02R08D562I'),(599,'dorindo','d\'amico','11096239','SPGLNZ05H04D562Y'),(600,'mirna','sementilli','8248661','SPGJCP04T20Z509R'),(601,'laurindo','pracucci','11117318','SPNTMS05S28D562J'),(602,'leido','abu','7581011','SPLLSS03E13D562N'),(603,'fedrigo','minuz','5013453','STNDVD02R14D562I'),(604,'ardita','Pellegrino','6182919','STNMTT05S26D562Z'),(605,'oclide','marano','6044171','STFLRD05M14D562U'),(606,'susetta','raqabi','18243958','STRDVD05H01D562Y'),(607,'dea','vella','3107509','STRGRL04S25D562Q'),(608,'catena','Poli','8876115','SSNGRL05E23I726L'),(609,'bujar','martys','8385541','TDRRCR05P08D562M'),(610,'onelia','minelli','11607221','TTASML05H27D562R'),(611,'odilia','Perrone','9037942','TLVDGI05L13D403U'),(612,'fulgido','colli','4740761','TPNLRD05L26D562S'),(613,'sistino','jianu','2234897','TRNMLN04A08E648R'),(614,'argo','haji','7274737','TEICSR04S03D562M'),(615,'gioia','borkowska','10701168','TRCMTT04P13D562R'),(616,'guido','costa','4946630','TSTMGN03M04D562L'),(617,'ges˘','fontanilla','10499786','TTCMLB05R19Z129J'),(618,'tomaso','pasquini','11494858','TNCMTL05E13D562M'),(619,'ludovica','nuti','7581152','TTNHRY04E03Z605K'),(620,'erberto','nicastro','7581133','TCCLPA05C02D562X'),(621,'rosiano','usami','3713903','TFNNCL05H30D562P'),(622,'fulgenzina','Ferrari','11096198','TNOLEI05A24D562E'),(623,'stanislava','donatantonio','11528353','TRTNDR05B27D562B'),(624,'artimio','de domenico ','10613595','TSSLSN04B27D562Y'),(625,'mariassunta','Pellegrini','8385588','TRNLLD05P29D562V'),(626,'firmo','borghini','6182899','TFRDVD04D07Z509W'),(627,'idomeneo','santucci','13507228','TMMLNZ05A04D562K'),(628,'gloria','bushulli','13433505','DDNTRD06C16L840T'),(629,'valdomiro','De Angelis','6110855','GLNLNZ05T16D562G'),(630,'assunto','malagigi','12238409','MLUJRT04R17Z216C'),(631,'filippo','milenov','4764502','VLDJGN04R18D562S'),(632,'niccolino','Zanetti','9741408','VLNNNL04R21D562U'),(633,'fierino','zolea','4946584','VLNSRN05P45D562A'),(634,'apollinare','di maio','9599477','VSQGMF03M22D562M'),(635,'aleandro','gagliardi','4554930','VLECST05A21D562S'),(636,'gaia','ciarla','10766074','VNZLNZ04S15D562B'),(637,'terzio','di santo','4788355','VSTMTT04C27D562K'),(638,'waldemiro','nuti','8923753','VTTGLI03T26D562Q'),(639,'brizia','nicastro','6047803','VLGSML04P27D562E'),(640,'robledo','patwary','7274557','VLLTMS04S16D562H'),(641,'egiziaca','niane','12349301','VNRDNL03S01Z509H'),(642,'agenore','steffenoni','11655452','VLIDNC04S26F112G'),(643,'marilda','laita','4711252','VTIMSM04E08D562L'),(644,'quindalina','Pellegrino','8922783','VVLCRS04E28Z509W'),(645,'longino','sestito','4578666','VZZLSN05M13D562U'),(646,'ercolino','maldini','4946510','VHRHSH05M06Z222X'),(647,'adorata','vincenzi','12792677','WNGFFN05L06Z210I'),(648,'odemia','Proietti','4764452','WRDSTN05C10D562Y'),(649,'libertino','Romeo','4764453','WRDWLA05C10D562F'),(650,'serenilla','ferrarese','14224823','XIEDVD04P06G999I'),(651,'idelio','Orlando','10751820','XIEGNN05E13F952K'),(652,'oceano','cutillo','13310551','YNGNDR03M12D562L'),(653,'dalinda','zurzolo','9173183','YNGLVI05C09D562H'),(654,'emerigo','pello\'','11110681','YSSMMR06A24D562O'),(655,'marlena','Ceccarelli','6110604','YEXYDN05S18D562D'),(656,'nicolangelo','croce','8248913','ZBRNHL02T10Z509Q'),(657,'folo','delgado','9395550','ZFETMS05S01D403Z'),(658,'pantaleo','paglia','11528278','ZLNMTT05A29D562X'),(659,'leonino','bagnaia','8922504','ZLELRD04R19D403P'),(660,'salvatora','battelli','18260021','ZHNCGY04H28A944M'),(661,'donnino','teodorani','13429533','ZHUGGY03C27L840Y'),(662,'fantino','sanges','8922505','ZNGNCL04P03D403K'),(663,'sigismunda','campanella','7581033','ZNDMTT05H16D562V'),(664,'fernando','de domenico ','11097976','ZPPDNL05S08D562G'),(1087,'angiolina','hajji','4555266','MRRNBL02M30D562M'),(1088,'tello','Bruno','9637949','LBNGPP02P05C342I'),(1089,'annalisa','Palumbo','3732317','LSSLRD03E20D583Z'),(1090,'melitta','forcina ','4764482','LNALRD03C31Z509C'),(1091,'nardo','zivkovic','6183009','LBDGLS01C20D562W'),(1092,'ebe','Albanese','4554983','MTALSN03T05D562Z'),(1093,'sibillo','Leone','4543082','NDRJCP02E25Z509L'),(1094,'siviglia','Fusco','8079736','NDRMRC01P23D562N'),(1095,'finizio','fasano','13399741','NZTLND02L30Z601O'),(1096,'fiorinto','russo','8249567','NGLDNL02S17D562R'),(1097,'obizio','Arena','10078030','NNNLNZ01S30D562V'),(1098,'argemiro','ermeti','4555375','NTNPTR00R15I046A'),(1099,'guadagno','Amato','9741741','RPAZKL02H16Z100U'),(1100,'consola','williams','8922951','RFLRCR02H22D403Y'),(1101,'porzio','covato','6182924','SLMHMZ02E11Z236W'),(1102,'roero','rocchi','4740764','TRAGRL03T24D562G'),(1103,'ovanda','cipollone','4764430','VGRFNC03L01D562F'),(1104,'adalindo','nuti','3732322','BCGNCL03C01D562B'),(1105,'aldimiro','di sipio','4732001','BDAFPP01E29D562H'),(1106,'donatuccio','felici','7275013','BGNFNC01P25D562T'),(1107,'marianella','Testa','8662185','BGRNCL01P28D562P'),(1108,'oder','frasca','6000630','BLAMRC02C20D562R'),(1109,'aldegondo','manchia','7580987','BLDFLV03C06D562S'),(1110,'enerina','assal','4796141','BLDSFN04A10D562Q'),(1111,'prescillo','baldinotti','9616787','BLDNDR03T04Z509G'),(1112,'ambretta','siracusa','7581569','BLLSML02H15Z509U'),(1113,'ruffo','arlati','7275088','BMBLRD01A25D562Y'),(1114,'follia','monsone ','3733116','BNCMRC00R16D562L'),(1115,'emanuela','bardi','4554985','BNDNCL03L15D562R'),(1116,'aldo','narducci','4764840','BNALRD02B25D562A'),(1117,'quartilia','Franco','6121446','BRBNCL00L30Z509F'),(1118,'frida','fralassi','4984964','BRCPTR01A01Z509V'),(1119,'salvina','tioni','3732870','BRCLNZ02P05D562R'),(1120,'cenzina','laurenti','8657757','BRNNCL03R25Z509R'),(1121,'elisio','d\'amore','8923612','BRTMNL02M20D562S'),(1122,'ricco','sbreni','8248534','BRTMTT03P09I533F'),(1123,'baingia','zecchini','9411262','BRTLNZ02A31Z509K'),(1124,'ponziana','iacoangeli','8387388','BTSLSS03T29D562H'),(1125,'santo','boschi','8079025','BTTLPA02C03Z509M'),(1126,'oscherino','rosato','4975939','BTSJCP02S25D562K'),(1127,'wolframo','liberto ','4629102','BCGDCC02E19Z509L'),(1128,'olferina','clesceri','8922970','BLMJLO02S02Z509A'),(1129,'brunoro','odigwe','9814560','BLFDNL03B01Z509M'),(1130,'arames','di benimeo','8249277','BLLGDI01H68D562A'),(1131,'ellero','prelati','8249294','BLLGRG01H68D562Z'),(1132,'nilvio','baldinotti','0','BLMFPG01S21D612C'),(1133,'levi','nini','8922569','BNCLNZ03E02Z509V'),(1134,'zelia','Villani','7581282','BNLMTT01H07D562S'),(1135,'ricca','sbreni','7581059','BNVNTN03H15D562S'),(1136,'mariacasilde','apreda','7392215','BNNFNC03L10Z509Z'),(1137,'siviglia','castaldo','3733129','BNVTMS01C21D562H'),(1138,'mileno','Conte','4778808','BRSDDN01B07Z509V'),(1139,'floreanna','De Rosa','7581234','BRNGCM02C28D562J'),(1140,'idomeneo','Albanese','10236202','BRNRCR01T30Z509U'),(1141,'eufrasina','caccamo','4578743','BRTLPA00T18Z509E'),(1142,'plauto','tioni','9879661','BRTLSS03A30D562B'),(1143,'remido','Franco','2926905','BFRMTT02P25Z509D'),(1144,'savio','Lombardo','10307904','BGILRD99L02D562G'),(1145,'gianfilippo','fratini','10133107','BNCLSN01R21D562M'),(1146,'orsina','usami','9445315','BNCTMS03C18Z509A'),(1147,'olivana','mena','4711512','BLRFTN02A19D562X'),(1148,'guelfo','grande','4543064','BNDNDR02P28D562E'),(1149,'giosefatto','di renna','4788506','BRLMRC02B26D562J'),(1150,'bellisario','olivelli','4981750','BZZLSS99S26D562Q'),(1151,'orana','salvemini','6000432','BZZLNZ02E14D562U'),(1152,'nazzario','fratini','8248415','BLGNNN03P26D562Q'),(1153,'filiberto','Gatti','4975976','BNCBNR01S28Z509P'),(1154,'remi','de santis','3232240','BNCPTR01S12Z509A'),(1155,'camillo','Montanari','8923000','BNGMTT01S10Z509N'),(1156,'graziosa','Agostini','2938728','BNNDRD02R26D562V'),(1157,'ricciarda','cagnotti','10132875','BRCFNC00L26D562R'),(1158,'alearda','albanese','3732891','BRDDCC02H03D562H'),(1159,'adalgisa','baiano','10197097','BRTGNN01R19D562W'),(1160,'nelida','zamberlan','4578721','BRGGLC01H11D562K'),(1161,'gerlando','gamberini','4555174','BTTFRC99E29D562E'),(1162,'reziere','moschetti','11419987','BHCBLL01L17Z330K'),(1163,'alderigi','fontanella','3732335','BHFHTM03S01D562P'),(1164,'fenzo','Marra','4711581','BRNLPA01R09D562C'),(1165,'frigerio','santucci','4764647','BRZGNN00P28D562Y'),(1166,'mohamad','frasca','6121298','BRGRND02D13Z100M'),(1167,'reginetta','orlandi','3732896','BRGGRL01C26Z509F'),(1168,'piera','policarpo','9377230','BRCFPP02L09D562T'),(1169,'filimena','marchi','4711626','BRGGRL01E17D562G'),(1170,'florise','sanna','3732344','BRSJCP03B15D562W'),(1171,'fegra','Ruggiero','4578723','BRTMRC01B17D562T'),(1172,'giorlandina','di paolo','4578696','BRTPTR02R12D562O'),(1173,'telemaco','prelati','9395554','BCCPTR03A16D562U'),(1174,'fulviana','Palmieri','9377243','BCCTMS01L14D562Y'),(1175,'oreliana','bevilacqua','0','BCCMTT03A05D562Q'),(1176,'soccorsa','curcio','8079029','BCCTMS02P09D562J'),(1177,'africo','hushchyna','8248894','BCCDRA02R08D562U'),(1178,'antonica','Conti','10245305','BFLMRC01B07D562W'),(1179,'fiori','corrado','3732899','BGNGRL01T14Z509B'),(1180,'velino','siracusa','7581651','BNNJCP00M14D562L'),(1181,'filina','spalletta','12710817','BNUNDR02S12Z509D'),(1182,'bortola','monsone ','4777521','BRBRBN01B22D562C'),(1183,'fernida','baronti','7581486','BRLLRD99R07D562S'),(1184,'delia','Martino','6183061','BTUMTT00A23D562L'),(1185,'rino','de peppe','7648086','CGLDVD03E18D562K'),(1186,'gabrio','donnhauser','9814451','CZZLSN03A04D562X'),(1187,'elisio','barruga','6182968','CZZSFN02H11D562M'),(1188,'orchidea','Serra','7581237','CLMMTT02R17D562C'),(1189,'eliodora','jebrane','11370188','CLRSMN01S23D612N'),(1190,'averina','biondini','4555269','CLVLRD02P20D562D'),(1191,'abramino','usami','8923737','CLSNDR03D23Z509J'),(1192,'feluccio','malagigi','9726690','CLSMTT03C11D562D'),(1193,'ginetto','apreda','8079030','CLSMRC02T03D562U'),(1194,'filiberta','adorno','8923016','CMBCRS01R16D562R'),(1195,'feliciano','fasano','9879706','CMBFPP03S21D562E'),(1196,'giannico','sassi','10133049','CMBMRC03R02D562C'),(1197,'tano','pereira de castro','8662263','CMBSMN00P23D562Z'),(1198,'ivonia','bennada epse herichi','4543047','CMGLNZ02E27D562N'),(1199,'amandino','bonn','8923456','CMPFNC01C28D562V'),(1200,'felidio','pascale','8385624','CMPGRL03A09D562R'),(1201,'ubalda','naci','10132673','CMPNDR02M22D562F'),(1202,'miro','pasquini','7274607','CNGDGI03L02D562S'),(1203,'raoul','azzarri','3733172','CPRTMS01P18Z509G'),(1204,'fornarina','paul','7275095','CPPFPP01H05D562Y'),(1205,'noretta','mollica','11390287','CPPNCL02S28D562I'),(1206,'armena','antosh','7275040','CRBCST01S27D562I'),(1207,'barbarino','croce','6182927','CRDMTT02S25D562Y'),(1208,'filodelfo','pascucci','4543108','CRLSMN01T19D562H'),(1209,'trusiana','jebrane','8923025','CRMLSN02D27Z509D'),(1210,'secondiana','bazzocchi','12747048','CRRGMR99S11D612Z'),(1211,'igildo','mena','3107375','CRRNCL03C05Z509F'),(1212,'ellenio','policarpo','7274993','CSNLSN02R16D562A'),(1213,'ermena','passitto','4543068','CSTNDR02L25D562Q'),(1214,'livio','Marini','9871407','CSTDND01A18Z600X'),(1215,'venusta','brizi','8923032','CSTDRA02D06D562T'),(1216,'antonetto','ranfi','3733181','CVLDRD02H13D562S'),(1217,'regildo','Villani','8923756','CVTLSN03H19Z509W'),(1218,'laurenzo','pierucci','8923757','CCCNCL03B28Z509Q'),(1219,'meuccia','di benimeo','10170749','CCCFPP03D22Z509D'),(1220,'geromina','laurenti','4740890','CEINDR01T21D562D'),(1221,'zanilla','coluccio','3733185','CEIMTT00P24Z509M'),(1222,'onesima','d\'amico','6182879','CRBSSH03C24Z509D'),(1223,'cassiano','mahu','8662033','CSRTMS03A14D562V'),(1224,'lillia','tronconi','8662056','CSRFNC02L22D562S'),(1225,'floride','lattanzi','8249768','CSRFNC01A20Z509T'),(1226,'felicissimo','mincuzzi','11728467','CHVPPL00S25Z509D'),(1227,'ercola','cutillo','4764511','CHLDNS02P70D562R'),(1228,'fiormaria','zecchini','12419219','CHNHLP00H29D562T'),(1229,'ostelia','cozzolino','7850153','CHNGLI02A22H926C'),(1230,'idilio','patruno','3713856','CHRCLD03L12D562P'),(1231,'walburga','wozniczka','8079371','CHRLRD01T01Z509I'),(1232,'ermolao','Pozzi','4740794','CHRGRL03B12D562B'),(1233,'atanasio','paolini','6353597','CHTLSN01C19D562L'),(1234,'clearco','tulli','6000727','CMPSLV00M05Z155I'),(1235,'aldighiero','tosolini','7691003','CNCNCL03B07Z509X'),(1236,'eusebio','eichenberger','7691004','CNFLSS03M01Z509S'),(1237,'orestella','acunzo','10311155','CRNGNN03C24D562V'),(1238,'taddea','dotti','7274584','CSCNCL03D16D403Z'),(1239,'enotria','pascucci','8387072','CTTMHV03S14Z234A'),(1240,'roselino','trombino','3107778','CBCLNZ02H01Z133S'),(1241,'erildo','Di Stefano','9879687','CCLMRK03R09D562U'),(1242,'libertas','ricciolino','9814484','CCCLSN03C25D562S'),(1243,'aristotile','Santini','12376617','CKLKLD02P22Z100X'),(1244,'giacobbe','passitto','12339363','CMRDRN03A28Z509B'),(1245,'leto','Bianco','7691005','CNIDRD03C03D562N'),(1246,'leonide','covato','4788126','CFILNZ03L27D562G'),(1247,'clemenzio','colombo ','6000390','CRLLGU03H06C129D'),(1248,'lesbino','fontanilla','6182970','CRRLNZ02A21D562M'),(1249,'macedonio','fratini','3732919','CLLLNZ01C16D562T'),(1250,'erasmo','policarpo','12347667','CLLMTT01E11D562X'),(1251,'iperide','pasolini','12070958','CLMPVN00C10Z216W'),(1252,'fanni','morselli','9726693','CBORLJ02S27Z100D'),(1253,'fabrina','jebrane','10077929','CLOFNC03B16D562U'),(1254,'norveglio','Mariani','7274813','CLOSMN03A27D562U'),(1255,'mauretta','moukrim','8923058','CLOTMS01B13D562M'),(1256,'calogera','gori','7274943','CLZDRA02D15D562U'),(1257,'leonzia','Santoro','4740842','CNSMNL02H25D562C'),(1258,'mirio','dallago','8922515','CNSMTT03E21D562K'),(1259,'aurelio','strazzanti','4543070','CNTCSM02A15D562W'),(1260,'adorno','minnella','8249018','CNTLNZ01B22D562R'),(1261,'ladislava','Pozzi','8249019','CNTMTT01H14D562A'),(1262,'olivietta','de la cruz','4555097','CPPLNZ01T10Z509V'),(1263,'geniale','Brambilla','9814486','CPPMHL03H23D562N'),(1264,'zelica','palatano','2938783','CRBLNZ01C03D562M'),(1265,'graziano','santana moscato','7735631','CRBLNZ01L14Z509S'),(1266,'gregorina','filagna','4543110','CRSFNC01C20D562R'),(1267,'verardo','lacerenza','9879710','CRSMRC03E23D562Y'),(1268,'ferrida','croce','3732876','CSBTMS01T29D562L'),(1269,'angelo','santucci','3733212','CSTDVD02R17D562C'),(1270,'cataldino','pelo','4404936','CTZFBA01M02M082Z'),(1271,'gianvito','cozzolino','7735839','CZZMHL02P03D562A'),(1272,'palladino','jagmin','12403947','CRNGHR01B12D562K'),(1273,'orena','gubinelli','7260161','CRCDRD02M01D562I'),(1274,'emidio','manchia','4984934','CCCNDR02M16D562G'),(1275,'adelino','vella','6353545','CNUMRK02E30D562A'),(1276,'cliceria','sepe ','10133051','CPPMRC03R03D562K'),(1277,'giani','iacoangeli','8662035','DMBMTT02S23Z509M'),(1278,'odasco','zeolla','11320834','DMDFNC00H04Z509E'),(1279,'turio','ghini','8923743','DRZMHL03D25D562H'),(1280,'armela','vidanalage','6274313','DRRDVD01P20D789B'),(1281,'teresio','Giorgi','9395399','DNTNDR03R28Z509C'),(1282,'leonardo','rudel','8079085','DCSFNC01M13Z509A'),(1283,'ludovina','filipek','6121597','DLCRCR02M31D562G'),(1284,'siegfrid','cerilli','3231548','DLCTMS02E02Z509T'),(1285,'welleda','Cattaneo','2926927','DMRCRS03A04Z509T'),(1286,'idea','buongrazio','6237543','DSMDCC01P05D562R'),(1287,'rafaelino','vinciguerra','3733221','DVTLNZ02H12D562S'),(1288,'morosina','campanella','8922695','DGLMNL03E19Z509T'),(1289,'valdemiro','bartolucci','7274747','DGLMRC03C19D562Q'),(1290,'elindo','aguila','12180659','DGLLMO03L18Z509M'),(1291,'odero','blasi ','7255775','DGLRCR01E20D562Q'),(1292,'venzo','fralassi','9719389','DLPJCP00B12G999K'),(1293,'umbria','Mazza','4711139','DLRGRG03S16D562Y'),(1294,'lorenzina','cutillo','6000439','DLCJHC02L10D562G'),(1295,'cadornino','toader','12810515','DLRLGB99E19Z129G'),(1296,'osiana','palazzari','6121372','DLLNDR01M24D562K'),(1297,'placidino','bellettini','3732372','DFRRCR03L04D562W'),(1298,'clerice','sposato','3232207','DGRTMS02T04Z509S'),(1299,'algero','casadei','3053270','DLZLRD02H08D562W'),(1300,'nema','marano','10197117','DNTGCM01R23A657J'),(1301,'geminello','bonventre','10197119','DSTRMN01H01D562A'),(1302,'lavino','antonelli','10077931','DVNLSN03D22D562W'),(1303,'ravaldo','huaman lopez','16992259','DZDGLE03H19Z100S'),(1304,'lombardina','casella','8385629','DLFPTR03P10D562G'),(1305,'osanna','Gallo','7581633','DMNSML01S30D562Y'),(1306,'eralda','mohammed','8922404','DNDMTT03L11D562B'),(1307,'fenice','boschi','4555056','DNTGRL01D26D562F'),(1308,'odorizia','stazzone','4731967','DSSSML02D18D562I'),(1309,'olivia','blasi ','7581305','DRADCC01L29D562K'),(1310,'narduccio','De Luca','4731938','DRVLNZ02R14D562F'),(1311,'piercarlo','salvemini','8079721','DBSDMN02R17D562D'),(1312,'grisostomo','fusini','8387110','DGNSRJ02L04Z222R'),(1313,'celsino','sala','8923645','DNGLSN02B10Z509A'),(1314,'acrisio','diamantini','12070659','LSYRWN01E55Z336V'),(1315,'ornato','donnhauser','5013441','QZELSN02R30F839J'),(1316,'mirtilla','Grasso','7735867','SPSMNL01E01A053C'),(1317,'filea','Galli','7260223','STEGRL01R14D562F'),(1318,'felicia','charaf','7351425','ZZRMNL03D01D562E'),(1319,'salvia','bevilacqua','6120311','FBBDVD03S19Z509S'),(1320,'dalio','filagna','3732939','FBBTMS01C02D562B'),(1321,'remedio','accadia','7275140','FBBDNL00P08D562R'),(1322,'gilio','Ricciardi','9904231','FBASML03L28D562L'),(1323,'gualberta','cichon','6000731','FLLPTR00S11D562I'),(1324,'oberdana','jagmin','8922802','FGGLRD03D15D562B'),(1325,'tindara','paolini','10311156','FLLRRT02C25D562P'),(1326,'evardo','oliva','3732943','FLLMTN01A67D562N'),(1327,'waldino','di maio','8387154','FLLLSS01H03D562P'),(1328,'savina','tarozzi','8385837','FLLFNC03S01D562R'),(1329,'roggero','Rizzi','4764536','FLGSML02T19D562T'),(1330,'mughetta','Aiello','8659898','FMAJPN01L16C743Z'),(1331,'antioco','zanelli','4777987','FNTFNC02E29D562W'),(1332,'onorino','gnani','7581068','FNTCPI03D18D562E'),(1333,'primetta','zeolla','6182950','FPPNCL02D30D562U'),(1334,'dusolina','vaccaro','3733249','FRRLSN01S13D562Q'),(1335,'tonio','di marco','3053276','FRSNDR02R15D562Y'),(1336,'giseldo','Coppola','9057722','FLPNLS99L08Z602E'),(1337,'elleno','donnhauser','4609567','FRELSN02L04D562L'),(1338,'lella','cellini','8659395','FRNRRG01S21D562R'),(1339,'rainiero','Greco','9741783','FRCCSR03S04D562L'),(1340,'rustico','dotti','8923103','FRRTMS01C23Z509H'),(1341,'nico','zaratti','2938839','FRRLSN03A07D562Q'),(1342,'frazia','filippelli','8248540','FRRNDR03D14D562Q'),(1343,'oneria','scardone','11194924','FSTLPA02H18D562T'),(1344,'walter','nicastro','10311157','FSCNDR02L25D562P'),(1345,'riposa','Di Stefano','7581260','FLPFNC02L03D562O'),(1346,'broccola','clesceri','9726722','FLCDNL02P12B963G'),(1347,'ultimio','alpi','4865183','FLRRSL01D21D562D'),(1348,'antonmaria','giuliani','10078017','FPPMHL01E29D562Z'),(1349,'naborre','caraballo','8662168','FRSLSS01S29D562O'),(1350,'realmo','nini','4740867','FSSGNE02D08Z138T'),(1351,'radiano','de la cruz','7274972','FSSMRC02A27D562I'),(1352,'qualtiero','balice','8079612','FRSLSS02P01Z509N'),(1353,'eviliano','linzi','8923114','FRSDRD02S27D562K'),(1354,'orianno','cannizzaro','8922707','FRSFNC03L08Z509U'),(1355,'elmo','galli','6000688','GTNLDN02C07Z509N'),(1356,'zoa','milutinovic','3733270','GGNLSS02L55D562B'),(1357,'germinalina','burla','8079613','GNAGDU02B19D562H'),(1358,'lorinda','de la cruz','3733272','GLRCNT01H09Z600A'),(1359,'elmina','hijjoui','3732282','GLRGNF03D01Z600N'),(1360,'eriberto','d\'emilia','0','GLSMTT02D19G999Q'),(1361,'aldegarda','lazar','5013339','GLDFPP01E02Z509W'),(1362,'romanina','fontolan','12968809','GLLRCR03E26D403O'),(1363,'sigifrido','abbondanza','4777528','GNGNCL01P25D562M'),(1364,'dazio','delgadillo vargas','7260210','GNGLSS01P19D562F'),(1365,'idanna','donatini','6121217','GDHBNN01E09D562V'),(1366,'dafne','mangano','6120385','GLCSMN02L22D562O'),(1367,'fiordalige','soldati','6000617','GRBFBA02H07Z509Y'),(1368,'gualtierina','castagna','8248344','GRELRD03E09D562R'),(1369,'vincenzina','filagna','8662217','GLLLSS01R26D562S'),(1370,'nicolÚ','fadda','8079055','GMBGLI01L68D562W'),(1371,'argia','anklin','8662150','GNNNCL01E03D562P'),(1372,'elindo','monsorno','8079377','GNNGRL01D12D562I'),(1373,'orelia','burla','2938861','GNNLNZ02R29D562G'),(1374,'moderno','martino','6499530','GNNLNZ02R04Z509W'),(1375,'alimo','rossi','8922598','GGLFPP03S07D562B'),(1376,'fiovo','sasvari','7260086','GMGMTT01B14D562T'),(1377,'bonomo','bardi','7735577','GRDNDR02H16D562G'),(1378,'adona','Bernardi','4740848','GRDMRC02L04D562X'),(1379,'giorgio','de freitas sousa tavares','4590338','GRGNCL00B04D562G'),(1380,'crispolto','farazi','8662219','GVNLSS01B28D562O'),(1381,'temide','Basile','4554995','GLNJCP03P29D562Z'),(1382,'niceta','russo','7260189','GLNMRC02S20D562G'),(1383,'aldemo','ciarlariello','7034793','GLNSMN01E09I676Q'),(1384,'diogene','patruno','3016572','GSTLRD02E04H501G'),(1385,'fioldisa','marchi','7274672','GMBLEI03C15D562Y'),(1386,'oronzo','cagnotti','8078413','GPLNSH03L10D562W'),(1387,'marianella','capanna','4777451','GROSFN03A16D562C'),(1388,'asterino','rifilato','7648093','GRNMRK03E03Z509A'),(1389,'guidino','giorgio','6182993','GRNNGL01D15D562I'),(1390,'odelga','bazzocchi','12074171','GRSDNL03B06D562R'),(1391,'filomenna','castagna','8387113','GRSGRL02B26D562J'),(1392,'sarina','d\'amore','8248949','GRZNDR02B27Z509M'),(1393,'tosello','Giorgi','9879741','GRZPLA03R10D562I'),(1394,'venturina','dallago','9835329','GLTMRC03P01Z509T'),(1395,'pietronilla','ranucci','9726902','GRRLNZ03D11Z509G'),(1396,'mimo','del aguila rosario','3733299','GRRNDR01T29D562K'),(1397,'ornello','campana','7723748','GDTSML03M02D562A'),(1398,'elleno','strazzanti','4590076','GDULRD03L28D562F'),(1399,'selena','bento da silva','4543114','GDTMTT01H29D562N'),(1400,'amato','olivelli','10078765','GLTDRD03A05D562S'),(1401,'raffaeluccio','caldironi','12475117','GTRRHR99M02D562O'),(1402,'pinotto','wenz','4688308','GZMLSM01R47L219G'),(1403,'elfia','panichi','9616801','HUXHTU03T26D562G'),(1404,'omnia','maldini','15529163','HSSMMD02S04Z509C'),(1405,'ascenso','Rizzi','7735847','HYSKVN02H13Z509R'),(1406,'crispino','simonetti','9814521','CPZCPI03L18Z509I'),(1407,'nicolao','martino','4609572','BRHMNM02B12D562H'),(1408,'ferminio','brunetti','7691010','LZJMTT03D13Z509M'),(1409,'vituccia','zito','4555060','NDNSML01B14D562W'),(1410,'giasone','cipollone','9835331','NNCMTT03E06D562F'),(1411,'secondino','focaccia','3733307','KRCMMD02P08D562C'),(1412,'marzio','Cattaneo','8249022','LRSGMR01T04D562T'),(1413,'cristo','mariani','3732399','LGHTMS03T28D562P'),(1414,'orsolinda','paul','4554996','LGMYRA03S28Z509V'),(1415,'naborre','villa','8387156','LNDLRD01D02D562G'),(1416,'fenelia','kovacs','4764854','LPNLPA02P06D562U'),(1417,'vergiglio','galli','3732974','LPNLNZ02D30D562D'),(1418,'fusco','Giordano','8922723','LPNPTR03M25D562Q'),(1419,'oler','leonetti','4764874','LPAMRA01S16D562Q'),(1420,'nemorino','pasolini','9709708','LSCMLD03S46D562B'),(1421,'aladina','naci','3053301','LVCGVR02S49D562X'),(1422,'gelsa','Longo','4578704','LZZFNC02R22D562R'),(1423,'cordelia','Olivieri','4711523','LZZSML02D12D562J'),(1424,'fiorindo','narducci','6000692','LGNDGI01P27D562A'),(1425,'oden','bugli','7581168','LLLSRG03R27E058H'),(1426,'morena','bazhanova','10077998','LMBLRT03A07Z509A'),(1427,'regina','chesti','11323387','LNBCST03E16D612Q'),(1428,'daliso','milutinovic','8387157','LNCNCL01P12D562I'),(1429,'filodemo','tarozzi','0','LTZBNT02A28I234G'),(1430,'belardino','contiu','6121375','LMNCRS02A19D562K'),(1431,'vivenzia','pello\'','2938915','LNGSFN02T02D562S'),(1432,'damaso','gindre','6237506','LZZFNC02M21L219K'),(1433,'livano','steffenoni','3926710','LYZNHN01L29D562R'),(1434,'vivian','terracciano','9879743','LCCNDR03D22D562M'),(1435,'gianmichele','Catalano','8922457','LOIMTT03T17Z509Q'),(1436,'fior','panichi','10311160','LMNLSN02C24D562L'),(1437,'mimmino','pello\'','8249023','LMBLNZ01M14D562W'),(1438,'guerina','mugione','4543052','LMBMSM02R05D562W'),(1439,'raffaeluccio','bonsignore','4764519','LMBBND02R23D562G'),(1440,'trentino','mena','8079036','LMBNCL02T23D562R'),(1441,'etrusco','ferrari','10236223','LPZJLJ00L22Z216S'),(1442,'cristofolo','carullo','7581073','LRNGRL03C26Z509Q'),(1443,'vanella','luzzi','8923187','LTTNDR02D26D562V'),(1444,'alearco','ricci','8922411','LTTFRC03B27Z509Z'),(1445,'benino','iacobelli','5010510','LCNGRL02L09Z509D'),(1446,'nembo','de sterlich','9589105','LLLFPP03E28D562W'),(1447,'manfredo','lena','8662087','LLLMRC02S30D562G'),(1448,'bonario','colonna','8249303','LPNMSD01S27Z129R'),(1449,'altobello','mariani','4788787','MCRDNL02M26Z509T'),(1450,'romildo','benhadda','4788736','MDDLNZ02L07D562C'),(1451,'nola','prelati','4765261','MGNMHL00L14G999A'),(1452,'etta','tabane','8662224','MGRLRD01S06D562D'),(1453,'roselmino','basile','3107623','MRALNZ01L24Z509H'),(1454,'canda','cannizzaro','3107361','MRANCL03H14Z509U'),(1455,'edma','battelli','8248928','MJDLSS02A13D562H'),(1456,'nicolina','cannizzaro','3232266','MLVLNZ01S25Z509O'),(1457,'onofrina','cusin','3107624','MNCCST00R18Z509W'),(1458,'ermido','cauteruccio','3732987','MNTMTT02S14D562J'),(1459,'michelantonio','pongetti','4590184','MNTTMS02C20D562F'),(1460,'mazzeo','bernardi','9491000','MNNGRL03S02D562R'),(1461,'vannetta','saccone','4554999','MNNMRK03T20Z509A'),(1462,'silano','adorno','3733346','MNTMTT02R22D562C'),(1463,'aussenzio','lucani','4578606','MNTNDR03E26D562G'),(1464,'emerio','gentili','6000459','MNNNDR02P02D562T'),(1465,'adriana','fratini','8249282','MNZJNN01T31D562J'),(1466,'maghinardo','filagna','4764978','MRCMTT01D28D562J'),(1467,'maruzzo','nurul','12591885','MRCCST01R01D562D'),(1468,'elisia','Piazza','8660631','MRCLRD01R01D562S'),(1469,'venanzo','canichella','8923207','MRCRTR02B03Z234K'),(1470,'sisinio','scipioni','8387450','MRNMRT04A67E372Q'),(1471,'loredano','Baldi','4848701','MRQSDO03E21D562P'),(1472,'fulco','palatano','4543053','MRRSML02P21D562S'),(1473,'marisio','cataldi','8922735','MRTGLI03M01Z509N'),(1474,'villelmina','pierucci ','7691013','MRZDRD03R03D562L'),(1475,'corinna','panichi','7735869','MRZFNC01E28D562L'),(1476,'artenice','steffenoni','8923755','MSCLNZ03S17D562Z'),(1477,'fabriana','kamal','7361013','MSANDR03B04D562H'),(1478,'orienzo','gealapu','3732997','MSAFPP00R16Z509J'),(1479,'oscaro','di maio','4740822','MSAFPP03C21D562R'),(1480,'gloriano','callegarini','4848855','MTCPTR01H08D562U'),(1481,'olvino','zivkovic','6120572','MTNGTT01C60Z509A'),(1482,'benso','rizzelli','4555080','MTRMRZ01M21D562G'),(1483,'elfina','odigwe','9742842','MTTDRD01H20D562H'),(1484,'galdina','graffiedi','8922534','MTTSFN03A27D562N'),(1485,'ella','kovacs','8662089','MTTLNZ02R24D562X'),(1486,'girardengo','crognale','7260169','MZZLRD02M14D562N'),(1487,'remedino','giura','9742542','MCCFRC02E09D562T'),(1488,'sestina','donatantonio','8248350','MLNNHL03L29D562P'),(1489,'ancomarzio','gealapu','4788178','MLNLNZ02M29D562R'),(1490,'ovilia','scarale','6000480','MRLLNZ01L22D562C'),(1491,'venturo','aguila','6182974','MSSLRD02H13D562S'),(1492,'reziere','De Santis','4543117','MCCMTT01M02D562P'),(1493,'egilia','zak','3108359','MLZLSN00L27Z509K'),(1494,'zahra','giurgola','2938954','MNIYRU01P17D562T'),(1495,'aldimaro','Volpe','11194901','MDGDVD03B02D562H'),(1496,'licurga','Aiello','8662066','MNCDRD02E08D562B'),(1497,'eleazaro','attendoli','3733380','MNPFPP01M11D562Y'),(1498,'vilmaro','acunzo','4848858','MNTNCL01H05D562A'),(1499,'nice','potalivo ','3733007','MNTLRD02H10D562J'),(1500,'pinella','Grasso','10671502','MNTNRS00B07D612N'),(1501,'eupremio','fraticelli','0','MNTMCL02R09Z614Z'),(1502,'antonello','burla','6000355','MRNMRC03R30D562N'),(1503,'filotero','baldinotti','4543143','MRLTMS01P19D562P'),(1504,'bonfilio','iacoangeli','6121402','MROLNZ01R18D562A'),(1505,'fogliano','pompili','3230967','MROMTT03R31Z509J'),(1506,'oleano','Benedetti','3733385','MRNMRC01C12D562K'),(1507,'ornata','morselli','6183052','MSCFPP01D16D562J'),(1508,'venanzina','bartolini','8662200','MCJDMR00C31Z100K'),(1509,'elgo','Mele','3733386','MGNNDR02S13D562Y'),(1510,'geraldo','cichon','7275023','MGNGNN01S09D562M'),(1511,'bastianina','avello','8249264','MGNNCL02P09D562U'),(1512,'rena','wenz','7735597','MGNSML02D24Z509P'),(1513,'ubaldina','apreda','8922743','MGNTMS03B21Z509D'),(1514,'rizziera','carucci','4578733','NMKDNL01C13D562D'),(1515,'gettulio','stefoni','4578756','NNNMRK00A17D562X'),(1516,'consiglia','zaratti','4711572','NCRVNI01T03D562W'),(1517,'liutprando','lesniewska','7735949','NNCLSS02S12Z509D'),(1518,'egida','kellmann','12070983','NNCNDR03T29D562K'),(1519,'onorata','planta','6807245','NCCFNC02E05Z509V'),(1520,'ferminia','clementucci','8923691','NCCNRE02T10D562R'),(1521,'mainardo','lopez','10197031','NCCTMS03B04Z509T'),(1522,'delciso','montevecchi','4711552','NCLRRT02D27D562T'),(1523,'agea','de sterlich','7581219','NCTMRA02S19D562N'),(1524,'porsenna','tabane','7581380','NKJDNS00H24D562P'),(1525,'jayangani','fontanilla','2926968','NSTLRD02C19D562Y'),(1526,'castorino','von oppen','3107848','NTULSS01E16D562R'),(1527,'primizia','romano','7581005','NTUMRK03D04D562Z'),(1528,'gemiliana','costantini','10034395','BNORCR03T07Z509W'),(1529,'alpinolo','Ferraro','2926843','BHOSDR03D15G999M'),(1530,'oresto','wozniczka','9933544','LNDNDR02D04Z509E'),(1531,'eleonora','capanna','10230109','RTOVNI02E29D562Q'),(1532,'getulia','Costantini','7392232','RSLNRE03H23D562F'),(1533,'ferriero','veneziano','6237524','PCCMTT01L21D562J'),(1534,'ilena','spalletta','8079093','PCCYRU01A10Z509R'),(1535,'mimma','Mazza','9503508','PCSGRL03D29D562W'),(1536,'faraone','martellini ','4788474','PGLSML02M30Z509J'),(1537,'almerindo','zolea','10171462','PLMSFN02T04A558J'),(1538,'giulivo','baronti','4578735','PLMLSN01E31D562C'),(1539,'lugano','baldinotti','8662178','PLMJCP01L19D562J'),(1540,'gaspera','pal ionut','8662228','PLMTMS01L19D562J'),(1541,'eustachio','mercantini','8662179','PNDGRL01D22D562K'),(1542,'innocenta','armaroli','7516516','PNDRND03D23G999K'),(1543,'mazzino','forcina','2926972','PNRMRC01S14D562Q'),(1544,'melinda','potalivo ','4554874','PNCTMS03E02D562O'),(1545,'rismo','zavalloni','6000400','PNTLSS03P09D562T'),(1546,'battista','filipek','4788448','PLTDNL02M03D562K'),(1547,'felino','lena','4555017','PLTRLA02S26D562B'),(1548,'attiliana','ghazi','7581312','PPAGRL01B18D562M'),(1549,'rolino','lucani','4764904','PPPGCM01B09D562N'),(1550,'pasqua','Rinaldi','4711591','PRGCLD01D16Z509T'),(1551,'ferrero','fratini','4993365','PRRNCL03S17D562L'),(1552,'morgana','avendato','10078001','PSQCSM02M29D562R'),(1553,'pinotto','rucci','10078002','PTRMHL02B53D562F'),(1554,'lazzero','charaf','6270128','PLLSMR03H09D562H'),(1555,'onilio','colli','4590186','PRNFRZ02H21D562U'),(1556,'palmarosa','di menna','3713888','PRGMTT03M27D562P'),(1557,'fiordaligi','gatti','3232447','PSTDVD01R05D562U'),(1558,'dalma','michilli','2938989','PTENDR01S10D583L'),(1559,'rosolino','Battaglia','15529166','PTRGPP01H18E058S'),(1560,'bertino','olivelli','10034369','PTRMRK03L19D562K'),(1561,'ezechia','zapalski','4711643','PTRNDR01B19G203F'),(1562,'pubblio','vincenzi','4555324','PZZMTT02M22D562S'),(1563,'sisinia','Neri','8248906','PZZDRD02L06D562H'),(1564,'altorino','apa','8922624','PCCMTT03T14Z509H'),(1565,'donina','rifilato','6000646','PCCFPP02M22D562H'),(1566,'florenzia','finiti','3733418','PCCMTT01H14D562E'),(1567,'ciso','guaman','3733420','PCCMTT02D12D562R'),(1568,'gemella','palatano','7581298','PCNFNC01E14Z509X'),(1569,'else','narducci','7581602','PRTNDR02C02D562E'),(1570,'oscare','bento da silva','4590233','PRTFNC02C25A657R'),(1571,'maurilia','casadei','4590209','PRTGRL02C25A657P'),(1572,'rafaele','urbini','3733028','PRILSS02H15D562I'),(1573,'edgardo','torraca','6183002','PLTLLN01D22D562S'),(1574,'donnino','wenz','9299145','PNTFNC03P09L245O'),(1575,'sesto','sassetti','6183025','PIOMTN01R55L113E'),(1576,'siliana','fralassi','4764442','PSCLSN03B16D562C'),(1577,'renza','De Santis','6121357','PSLGPP02B26D562P'),(1578,'fabbiola','vandenbulcke','8387208','PSTMTT01A21D562F'),(1579,'ciriaca','fontolan','8923297','PSTNDR02S25D562W'),(1580,'novara','rucci','2938997','PLNFRC02S25D562Z'),(1581,'odilio','rosata','3108542','PRCMTT01A28D562O'),(1582,'berta','pascale','8387289','PRTNCL99A28D562J'),(1583,'attanasio','resende azevedo','8923304','PRSLRD02H12Z509E'),(1584,'ivano','siracusa','3232252','PRFLSN01L10D562X'),(1585,'nini','blasi ','4589970','PRJMTT03R30D562W'),(1586,'florido','Serra','8249001','PRRRNE01L01D562V'),(1587,'valteria','rucci','9904236','PLVMTT03L18A851R'),(1588,'gianluigi','labella','2939003','PZZGRL02L29D562A'),(1589,'durantino','De Simone','8353261','QFLLNE01E14D205O'),(1590,'boris','Ferraro','4555086','QRCNCL01M10D562Z'),(1591,'petronella','Olivieri','8249354','QSPNLF99P04D612C'),(1592,'iro','De Simone','6000445','QKJDRN02M04D562L'),(1593,'illa','abu','4578710','RJNMTT01T19D562O'),(1594,'gesualdo','Giuliani','7274918','RMLNDR02M11D562D'),(1595,'firenza','pinna','11139181','RMRRRM99E10D612R'),(1596,'rachildo','di ruzza','3232218','RPALSS02M12Z509I'),(1597,'ormina','cerilli','8662122','RGALNZ02M26D562D'),(1598,'marx','Barbieri','3733434','RTTNDR02S05D562A'),(1599,'aquilio','Messina','4555348','RCCLNZ01C18D562S'),(1600,'odi','turci','8248955','RCCNDR02L15D562T'),(1601,'araldo','blasi ','0','RCCDTR02E19D562D'),(1602,'crescente','pelliccia','7581176','RNLCLD03C06D562E'),(1603,'armelinda','Guerra','4609623','RNLDNL01R15Z509H'),(1604,'melisenda','lena','10196782','RCHTND00D02Z128Y'),(1605,'vismaro','De Rosa','10236209','RGOJCP02R11D562M'),(1606,'felicina','fraticelli','7735601','RMGDRD02L27Z509Z'),(1607,'gusmana','donnhauser','7275108','RMGLRD01S14D562B'),(1608,'bibbiano','lopez','8248357','RMNDNL03T31D562P'),(1609,'chicca','abbondanza','9726704','RMLGRL04C11D562G'),(1610,'raul','contiu','7260091','RSLSML01P28D562X'),(1611,'odorico','boubaker','7723754','RSSGDU03L17D562R'),(1612,'gioiello','mollica','8923327','RSNLND02C01Z509M'),(1613,'gondar','pacini','12537214','SCCTMS02S20D562M'),(1614,'nives','mauro','8662072','SCCSMN02D11Z509D'),(1615,'oldo','di menna','4769765','SGGNCL04A17Z509K'),(1616,'freida','von oppen','6237531','SLAFNC01D11Z509L'),(1617,'ferdinanda','de peppe','8387101','SLMFNC02E03Z509L'),(1618,'caterino','lucarini','9726754','SLNFRC02B04D562Q'),(1619,'flavino','Lombardo','12776167','SLHMTT01T10D562X'),(1620,'romolo','dallago','4848862','SLNKNJ01B05D612I'),(1621,'egisto','antonelli','4629190','SLMCSM02B24Z509F'),(1622,'ottocaro','zaccaria','8662046','SLVSMN02R06D562C'),(1623,'santi','armaroli','8387404','SLVMTT02L19D562B'),(1624,'orsella','Bernardi','8249078','SLVLNZ00B25D562Z'),(1625,'libia','Martini','4740859','SMBCLD02P61D562R'),(1626,'polluce','barone','2939026','SNFLSS02A18D562X'),(1627,'fulcio','zavalloni','7274934','SNNFRZ02C20F704V'),(1628,'attiliana','galotti','4711335','SNTKNH00H04D612O'),(1629,'simonino','felici','8079409','SRDLSI01L65Z509Q'),(1630,'valdimira','rossi','9377241','SRRGLI02P18D562B'),(1631,'milka','borrelli','4711532','SRRMRC02T21I726Q'),(1632,'wera','zavoli','7581010','SRTMNL03A15D562Z'),(1633,'eudemo','bugli','4554880','SRTMTT03C14D562B'),(1634,'alessia','iatalese','8249563','SRTTMS03E09Z509W'),(1635,'ida','Pace','8249328','SHSMGL99R17Z100V'),(1636,'buovo','errichetti','8249269','SHSXLN02E09Z100A'),(1637,'vitaliana','Colombo','4788843','SHKKNT01H28D562E'),(1638,'davino','borkowska','4777341','SCLRTD03P24D562Q'),(1639,'dema','tiglio','3107368','SNIGNN03S28Z509S'),(1640,'gabriela','fabiani','4764881','SKIGRL01L01D562S'),(1641,'ombellina','gamberini','11338945','SNCLSN00B08Z138D'),(1642,'fabiolina','sgrigna','3733471','SNGDYK00A27Z222F'),(1643,'emidia','vidanalage','8249308','SLLDRA01E22Z509G'),(1644,'cinzio','minelli','6626438','SROMNL01C14Z509Y'),(1645,'metardo','hajji','5013365','SPDLPA01L05Z509R'),(1646,'leopardi','minnella','5013564','STNNDR00P12Z509W'),(1647,'silviana','scarale','10034387','STFLRD03L25D562J'),(1648,'bernadetto','ferrarese','4578737','STFSML01H12Z509O'),(1649,'vinicio','ceraldi','6182979','SSNLNZ02P07D562X'),(1650,'adonello','Pinna','3231582','SVLLRD01H24Z509N'),(1651,'callista','ortu','6183031','TCCTMS01E14D562R'),(1652,'deomira','Giorgi','9376884','TFAFNC02S24D562T'),(1653,'lavinio','casella','4778042','TLADML02M27Z509W'),(1654,'marciano','adorno','3733479','TNCDRA01H14Z509B'),(1655,'davina','ferrari','6353646','TRGNCL01S14D562T'),(1656,'bizio','sasvari','13156024','TJDBZB02C43D612L'),(1657,'milvio','la sorda','10307875','TRECRS03M04D562T'),(1658,'mercedes','charaf','2926737','TNRTMS03T29D562Z'),(1659,'sarita','armaroli','7392321','TFNNCL03S08D562X'),(1660,'pompilio','pascale','10236229','TFNMTT02B20D562K'),(1661,'deborah','brunetti','7581342','TMBCPI01H10D562G'),(1662,'maia','Palumbo','9742550','TMOTMS02A29Z509R'),(1663,'amabilio','pierucci','9377343','TRCGNN01R18D562Z'),(1664,'abele','Caputo','4984981','TRRKLY01T68D562M'),(1665,'giosefatto','Grimaldi','12347243','TRRFNC99A03Z614Y'),(1666,'diogene','vannozzi','10034389','TRRLNZ03L02D562C'),(1667,'ottava','Grimaldi','4555350','TRTCRS01M23D562W'),(1668,'floresita','donnhauser','8248438','TRZFPP03H03D562Z'),(1669,'severo','ranucci','7260354','TZZGRL02L18D562I'),(1670,'olves','farazi','3733066','TRVFNC02D23H926C'),(1671,'cairoli','blasi','3733490','TRPLRD02P19D562E'),(1672,'renella','marocchini','8923369','TDSLPL02L13Z509T'),(1673,'adelcisa','di benimeo','6237514','GLNGRL02T06D562X'),(1674,'gabriella','narducci','9726806','RCCVCN00T29D562M'),(1675,'geralda','castagnoli','4290121','RSCLCR00A01Z129K'),(1676,'nola','disabato','8662275','ZRGNRL00P10D612E'),(1677,'alessandria','Rizzo','3107854','VDALNZ01L04D562F'),(1678,'gizio','di benimeo','3231562','VNNLNZ02M12Z509Y'),(1679,'arconte','casella','5013693','VNNLRD01D12Z509E'),(1680,'marinella','casali','7274833','VGNTMS03D23D562F'),(1681,'ornello','Esposito','4649092','VNDLSS01E28D562X'),(1682,'laurento','guida','4848844','VNTDDM01D13D562W'),(1683,'brasile','gatti','8387168','VRDRCR01H02D562R'),(1684,'nemesio','comini','6353572','VRDSML02D10D562N'),(1685,'bonacata','sgrigna','8923590','VRGMTT02B16D562A'),(1686,'bachisio','lopez','6183033','VRNMTT01P02D562W'),(1687,'giampietro','Sartori','13419017','VNIFTJ00P16Z314C'),(1688,'romaldo','De Simone','7274961','VLNLSS02B19D562B'),(1689,'idalmino','Lorusso','4578716','VNNDMN02A29D562Y'),(1690,'odilla','zinnamosca','8923407','VNCCRS03L14Z509D'),(1691,'nivio','lazazzera','11692004','VLISHD01M30Z222J'),(1692,'gottardina','ahamed','4555151','VVRLCU00R07D562V'),(1693,'mireno','bragioto','3016668','VNVSMN99R19Z509Q'),(1694,'odillia','borrelli','11664859','WLNDDW02S24Z127Z'),(1695,'oderisio','cecere','4555071','ZHRCMN01T08Z129Y'),(1696,'filiberto','angiuli','7581253','ZNNLNZ02C28D562J'),(1697,'sigismunda','sanges','8079073','ZRCBRS01E10D562F'),(1698,'vania','quartarone','8662076','ZNGLSS02S29D562Y'),(1699,'felisia','Bruno','8387147','ZPPTMS02L31D562A');
/*!40000 ALTER TABLE `ALUNNO` ENABLE KEYS */;
UNLOCK TABLES;

--
-- Table structure for table `ALUNNO_CLASSE`
--

DROP TABLE IF EXISTS `ALUNNO_CLASSE`;
/*!40101 SET @saved_cs_client     = @@character_set_client */;
/*!40101 SET character_set_client = utf8 */;
CREATE TABLE `ALUNNO_CLASSE` (
  `ID` bigint(10) NOT NULL AUTO_INCREMENT,
  `ID_ALUNNO` bigint(10) NOT NULL,
  `ID_ANNO_SCOL` bigint(10) NOT NULL,
  `ID_CLASSE` bigint(10) NOT NULL,
  PRIMARY KEY (`ID`)
) ENGINE=InnoDB AUTO_INCREMENT=2048 DEFAULT CHARSET=utf8;
/*!40101 SET character_set_client = @saved_cs_client */;

--
-- Dumping data for table `ALUNNO_CLASSE`
--

LOCK TABLES `ALUNNO_CLASSE` WRITE;
/*!40000 ALTER TABLE `ALUNNO_CLASSE` DISABLE KEYS */;
INSERT INTO `ALUNNO_CLASSE` VALUES (1,64,1,1),(2,65,1,2),(3,66,1,3),(4,67,1,4),(5,68,1,5),(6,69,1,6),(7,70,1,7),(8,71,1,8),(9,72,1,3),(10,73,1,9),(11,74,1,10),(12,75,1,11),(13,76,1,12),(14,77,1,13),(15,78,1,3),(16,79,1,14),(17,80,1,13),(18,81,1,5),(19,82,1,15),(20,83,1,6),(21,84,1,11),(22,85,1,13),(23,86,1,10),(24,87,1,7),(25,88,1,1),(26,89,1,16),(27,90,1,17),(28,91,1,1),(29,92,1,18),(30,93,1,19),(31,94,1,8),(32,95,1,2),(33,96,1,20),(34,97,1,11),(35,98,1,7),(36,99,1,17),(37,100,1,2),(38,101,1,7),(39,102,1,21),(40,103,1,18),(41,104,1,22),(42,105,1,17),(43,106,1,22),(44,107,1,2),(45,108,1,9),(46,109,1,15),(47,110,1,13),(48,111,1,2),(49,112,1,4),(50,113,1,23),(51,114,1,13),(52,115,1,11),(53,116,1,24),(54,117,1,3),(55,118,1,14),(56,119,1,6),(57,120,1,10),(58,121,1,15),(59,122,1,1),(60,123,1,16),(61,124,1,17),(62,125,1,21),(63,126,1,24),(64,127,1,24),(65,128,1,15),(66,129,1,24),(67,130,1,12),(68,131,1,9),(69,132,1,9),(70,133,1,13),(71,134,1,8),(72,135,1,2),(73,136,1,21),(74,137,1,24),(75,138,1,10),(76,139,1,22),(77,140,1,20),(78,141,1,22),(79,142,1,17),(80,143,1,23),(81,144,1,13),(82,145,1,19),(83,146,1,5),(84,147,1,14),(85,148,1,20),(86,149,1,7),(87,150,1,17),(88,151,1,3),(89,152,1,24),(90,153,1,15),(91,154,1,20),(92,155,1,24),(93,156,1,13),(94,157,1,2),(95,158,1,16),(96,159,1,4),(97,160,1,13),(98,161,1,10),(99,162,1,19),(100,163,1,15),(101,164,1,1),(102,165,1,4),(103,166,1,22),(104,167,1,19),(105,168,1,8),(106,169,1,1),(107,170,1,2),(108,171,1,11),(109,172,1,5),(110,173,1,25),(111,174,1,24),(112,175,1,6),(113,176,1,2),(114,177,1,13),(115,178,1,17),(116,179,1,25),(117,180,1,13),(118,181,1,13),(119,182,1,8),(120,183,1,21),(121,184,1,26),(122,185,1,22),(123,186,1,15),(124,187,1,27),(125,188,1,27),(126,189,1,14),(127,190,1,15),(128,191,1,17),(129,192,1,5),(130,193,1,23),(131,194,1,14),(132,195,1,26),(133,196,1,17),(134,197,1,26),(135,198,1,6),(136,199,1,6),(137,200,1,3),(138,201,1,17),(139,202,1,19),(140,203,1,8),(141,204,1,12),(142,205,1,3),(143,206,1,26),(144,207,1,26),(145,208,1,10),(146,209,1,24),(147,210,1,21),(148,211,1,11),(149,212,1,26),(150,213,1,7),(151,214,1,10),(152,215,1,6),(153,216,1,14),(154,217,1,27),(155,218,1,16),(156,219,1,13),(157,220,1,15),(158,221,1,3),(159,222,1,17),(160,223,1,14),(161,224,1,23),(162,225,1,24),(163,226,1,14),(164,227,1,25),(165,228,1,21),(166,229,1,5),(167,230,1,6),(168,231,1,2),(169,232,1,22),(170,233,1,15),(171,234,1,2),(172,235,1,27),(173,236,1,23),(174,237,1,3),(175,238,1,9),(176,239,1,24),(177,240,1,16),(178,241,1,26),(179,242,1,4),(180,243,1,8),(181,244,1,15),(182,245,1,13),(183,246,1,3),(184,247,1,18),(185,248,1,11),(186,249,1,19),(187,250,1,12),(188,251,1,27),(189,252,1,25),(190,253,1,26),(191,254,1,1),(192,255,1,27),(193,256,1,3),(194,257,1,9),(195,258,1,5),(196,259,1,16),(197,260,1,5),(198,261,1,16),(199,262,1,7),(200,263,1,13),(201,264,1,11),(202,265,1,26),(203,266,1,21),(204,267,1,26),(205,268,1,20),(206,269,1,2),(207,270,1,12),(208,271,1,3),(209,272,1,25),(210,273,1,23),(211,274,1,4),(212,275,1,19),(213,276,1,17),(214,277,1,7),(215,278,1,17),(216,279,1,12),(217,280,1,24),(218,281,1,4),(219,282,1,15),(220,283,1,10),(221,284,1,17),(222,285,1,16),(223,286,1,20),(224,287,1,22),(225,288,1,22),(226,289,1,24),(227,290,1,21),(228,291,1,2),(229,292,1,16),(230,293,1,6),(231,294,1,26),(232,295,1,2),(233,296,1,4),(234,297,1,16),(235,298,1,17),(236,299,1,16),(237,300,1,22),(238,301,1,23),(239,302,1,9),(240,303,1,18),(241,304,1,23),(242,305,1,27),(243,306,1,4),(244,307,1,1),(245,308,1,5),(246,309,1,11),(247,310,1,19),(248,311,1,24),(249,312,1,21),(250,313,1,17),(251,314,1,11),(252,315,1,9),(253,316,1,27),(254,317,1,2),(255,318,1,1),(256,319,1,18),(257,320,1,22),(258,321,1,8),(259,322,1,20),(260,323,1,3),(261,324,1,8),(262,325,1,18),(263,326,1,25),(264,327,1,7),(265,328,1,15),(266,329,1,16),(267,330,1,11),(268,331,1,26),(269,332,1,21),(270,333,1,19),(271,334,1,22),(272,335,1,12),(273,336,1,4),(274,337,1,7),(275,338,1,5),(276,339,1,2),(277,340,1,4),(278,341,1,11),(279,342,1,23),(280,343,1,4),(281,344,1,16),(282,345,1,5),(283,346,1,3),(284,347,1,23),(285,348,1,20),(286,349,1,5),(287,350,1,20),(288,351,1,3),(289,352,1,16),(290,353,1,24),(291,354,1,22),(292,355,1,9),(293,356,1,9),(294,357,1,18),(295,358,1,21),(296,359,1,16),(297,360,1,13),(298,361,1,8),(299,362,1,3),(300,363,1,21),(301,364,1,5),(302,365,1,5),(303,366,1,3),(304,367,1,11),(305,368,1,12),(306,369,1,16),(307,370,1,3),(308,371,1,20),(309,372,1,26),(310,373,1,3),(311,374,1,2),(312,375,1,19),(313,376,1,19),(314,377,1,26),(315,378,1,26),(316,379,1,19),(317,380,1,14),(318,381,1,10),(319,382,1,8),(320,383,1,6),(321,384,1,12),(322,385,1,21),(323,386,1,20),(324,387,1,17),(325,388,1,20),(326,389,1,21),(327,390,1,10),(328,391,1,5),(329,392,1,22),(330,393,1,22),(331,394,1,22),(332,395,1,12),(333,396,1,8),(334,397,1,15),(335,398,1,8),(336,399,1,18),(337,400,1,23),(338,401,1,14),(339,402,1,10),(340,403,1,23),(341,404,1,2),(342,405,1,27),(343,406,1,24),(344,407,1,14),(345,408,1,14),(346,409,1,25),(347,410,1,6),(348,411,1,24),(349,412,1,26),(350,413,1,25),(351,414,1,5),(352,415,1,4),(353,416,1,5),(354,417,1,19),(355,418,1,26),(356,419,1,23),(357,420,1,20),(358,421,1,8),(359,422,1,6),(360,423,1,8),(361,424,1,14),(362,425,1,14),(363,426,1,25),(364,427,1,4),(365,428,1,13),(366,429,1,6),(367,430,1,21),(368,431,1,13),(369,432,1,1),(370,433,1,5),(371,434,1,11),(372,435,1,12),(373,436,1,5),(374,437,1,9),(375,438,1,18),(376,439,1,11),(377,440,1,5),(378,441,1,26),(379,442,1,1),(380,443,1,17),(381,444,1,22),(382,445,1,25),(383,446,1,1),(384,447,1,23),(385,448,1,3),(386,449,1,27),(387,450,1,23),(388,451,1,10),(389,452,1,24),(390,453,1,24),(391,454,1,3),(392,455,1,23),(393,456,1,5),(394,457,1,3),(395,458,1,16),(396,459,1,6),(397,460,1,4),(398,461,1,4),(399,462,1,20),(400,463,1,3),(401,464,1,20),(402,465,1,7),(403,466,1,3),(404,467,1,11),(405,468,1,17),(406,469,1,6),(407,470,1,25),(408,471,1,13),(409,472,1,11),(410,473,1,22),(411,474,1,18),(412,475,1,26),(413,476,1,27),(414,477,1,7),(415,478,1,10),(416,479,1,1),(417,480,1,10),(418,481,1,21),(419,482,1,15),(420,483,1,25),(421,484,1,10),(422,485,1,23),(423,486,1,26),(424,487,1,24),(425,488,1,2),(426,489,1,24),(427,490,1,1),(428,491,1,18),(429,492,1,8),(430,493,1,4),(431,494,1,1),(432,495,1,1),(433,496,1,2),(434,497,1,18),(435,498,1,25),(436,499,1,18),(437,500,1,26),(438,501,1,6),(439,502,1,20),(440,503,1,21),(441,504,1,12),(442,505,1,16),(443,506,1,9),(444,507,1,6),(445,508,1,14),(446,509,1,14),(447,510,1,4),(448,511,1,14),(449,512,1,14),(450,513,1,9),(451,514,1,27),(452,515,1,4),(453,516,1,14),(454,517,1,16),(455,518,1,19),(456,519,1,2),(457,520,1,1),(458,521,1,6),(459,522,1,8),(460,523,1,27),(461,524,1,3),(462,525,1,21),(463,526,1,20),(464,527,1,26),(465,528,1,14),(466,529,1,24),(467,530,1,15),(468,531,1,13),(469,532,1,13),(470,533,1,11),(471,534,1,4),(472,535,1,12),(473,536,1,14),(474,537,1,22),(475,538,1,10),(476,539,1,9),(477,540,1,9),(478,541,1,22),(479,542,1,13),(480,543,1,15),(481,544,1,11),(482,545,1,22),(483,546,1,24),(484,547,1,22),(485,548,1,4),(486,549,1,23),(487,550,1,19),(488,551,1,5),(489,552,1,8),(490,553,1,4),(491,554,1,11),(492,555,1,3),(493,556,1,2),(494,557,1,23),(495,558,1,16),(496,559,1,19),(497,560,1,17),(498,561,1,21),(499,562,1,18),(500,563,1,27),(501,564,1,1),(502,565,1,14),(503,566,1,4),(504,567,1,6),(505,568,1,25),(506,569,1,16),(507,570,1,23),(508,571,1,3),(509,572,1,15),(510,573,1,27),(511,574,1,9),(512,575,1,21),(513,576,1,12),(514,577,1,22),(515,578,1,13),(516,579,1,23),(517,580,1,20),(518,581,1,20),(519,582,1,14),(520,583,1,5),(521,584,1,15),(522,585,1,27),(523,586,1,16),(524,587,1,6),(525,588,1,4),(526,589,1,13),(527,590,1,22),(528,591,1,14),(529,592,1,3),(530,593,1,8),(531,594,1,22),(532,595,1,1),(533,596,1,7),(534,597,1,7),(535,598,1,9),(536,599,1,24),(537,600,1,15),(538,601,1,1),(539,602,1,7),(540,603,1,18),(541,604,1,2),(542,605,1,22),(543,606,1,20),(544,607,1,18),(545,608,1,1),(546,609,1,20),(547,610,1,24),(548,611,1,16),(549,612,1,14),(550,613,1,18),(551,614,1,17),(552,615,1,25),(553,616,1,12),(554,617,1,1),(555,618,1,26),(556,619,1,14),(557,620,1,20),(558,621,1,6),(559,622,1,5),(560,623,1,1),(561,624,1,17),(562,625,1,13),(563,626,1,12),(564,627,1,13),(565,628,1,4),(566,629,1,2),(567,630,1,13),(568,631,1,22),(569,632,1,24),(570,633,1,26),(571,634,1,9),(572,635,1,20),(573,636,1,10),(574,637,1,7),(575,638,1,12),(576,639,1,4),(577,640,1,8),(578,641,1,25),(579,642,1,15),(580,643,1,23),(581,644,1,25),(582,645,1,3),(583,646,1,26),(584,647,1,24),(585,648,1,6),(586,649,1,24),(587,650,1,26),(588,651,1,20),(589,652,1,7),(590,653,1,22),(591,654,1,26),(592,655,1,26),(593,656,1,25),(594,657,1,2),(595,658,1,14),(596,659,1,14),(597,660,1,4),(598,661,1,24),(599,662,1,18),(600,663,1,2),(601,664,1,6),(602,1087,1,32),(603,1088,1,33),(604,1089,1,34),(605,1090,1,35),(606,1091,1,36),(607,1092,1,34),(608,1093,1,37),(609,1094,1,38),(610,1095,1,39),(611,1096,1,40),(612,1097,1,33),(613,1098,1,41),(614,1099,1,35),(615,1100,1,42),(616,1101,1,43),(617,1102,1,35),(618,1103,1,42),(619,1104,1,34),(620,1105,1,44),(621,1106,1,45),(622,1107,1,33),(623,1108,1,46),(624,1109,1,47),(625,1110,1,46),(626,1111,1,46),(627,1112,1,48),(628,1113,1,49),(629,1114,1,50),(630,1115,1,43),(631,1116,1,51),(632,1117,1,38),(633,1118,1,45),(634,1119,1,52),(635,1120,1,35),(636,1121,1,37),(637,1122,1,36),(638,1123,1,32),(639,1124,1,35),(640,1125,1,48),(641,1126,1,33),(642,1127,1,32),(643,1128,1,53),(644,1129,1,36),(645,1130,1,38),(646,1131,1,38),(647,1132,1,54),(648,1133,1,36),(649,1134,1,55),(650,1135,1,46),(651,1136,1,52),(652,1137,1,50),(653,1138,1,36),(654,1139,1,56),(655,1140,1,33),(656,1141,1,57),(657,1142,1,52),(658,1143,1,51),(659,1144,1,49),(660,1145,1,58),(661,1146,1,46),(662,1147,1,55),(663,1148,1,32),(664,1149,1,45),(665,1150,1,58),(666,1151,1,48),(667,1152,1,47),(668,1153,1,57),(669,1154,1,59),(670,1155,1,49),(671,1156,1,60),(672,1157,1,35),(673,1158,1,53),(674,1159,1,50),(675,1160,1,50),(676,1161,1,38),(677,1162,1,32),(678,1163,1,60),(679,1164,1,50),(680,1165,1,44),(681,1166,1,36),(682,1167,1,45),(683,1168,1,60),(684,1169,1,45),(685,1170,1,39),(686,1171,1,57),(687,1172,1,37),(688,1173,1,36),(689,1174,1,50),(690,1175,1,35),(691,1176,1,48),(692,1177,1,42),(693,1178,1,44),(694,1179,1,38),(695,1180,1,38),(696,1181,1,54),(697,1182,1,50),(698,1183,1,57),(699,1184,1,38),(700,1185,1,36),(701,1186,1,35),(702,1187,1,54),(703,1188,1,56),(704,1189,1,55),(705,1190,1,56),(706,1191,1,52),(707,1192,1,42),(708,1193,1,56),(709,1194,1,44),(710,1195,1,47),(711,1196,1,43),(712,1197,1,50),(713,1198,1,54),(714,1199,1,32),(715,1200,1,47),(716,1201,1,47),(717,1202,1,36),(718,1203,1,50),(719,1204,1,57),(720,1205,1,32),(721,1206,1,51),(722,1207,1,37),(723,1208,1,49),(724,1209,1,51),(725,1210,1,34),(726,1211,1,34),(727,1212,1,32),(728,1213,1,58),(729,1214,1,43),(730,1215,1,48),(731,1216,1,32),(732,1217,1,34),(733,1218,1,60),(734,1219,1,39),(735,1220,1,49),(736,1221,1,41),(737,1222,1,36),(738,1223,1,34),(739,1224,1,36),(740,1225,1,44),(741,1226,1,44),(742,1227,1,51),(743,1228,1,59),(744,1229,1,41),(745,1230,1,35),(746,1231,1,40),(747,1232,1,36),(748,1233,1,55),(749,1234,1,43),(750,1235,1,60),(751,1236,1,47),(752,1237,1,40),(753,1238,1,46),(754,1239,1,34),(755,1240,1,54),(756,1241,1,46),(757,1242,1,36),(758,1243,1,39),(759,1244,1,36),(760,1245,1,39),(761,1246,1,39),(762,1247,1,34),(763,1248,1,33),(764,1249,1,57),(765,1250,1,59),(766,1251,1,38),(767,1252,1,36),(768,1253,1,43),(769,1254,1,60),(770,1255,1,61),(771,1256,1,54),(772,1257,1,53),(773,1258,1,42),(774,1259,1,47),(775,1260,1,48),(776,1261,1,45),(777,1262,1,49),(778,1263,1,36),(779,1264,1,45),(780,1265,1,59),(781,1266,1,38),(782,1267,1,34),(783,1268,1,38),(784,1269,1,53),(785,1270,1,51),(786,1271,1,33),(787,1272,1,57),(788,1273,1,54),(789,1274,1,33),(790,1275,1,35),(791,1276,1,39),(792,1277,1,51),(793,1278,1,44),(794,1279,1,36),(795,1280,1,50),(796,1281,1,52),(797,1282,1,53),(798,1283,1,54),(799,1284,1,42),(800,1285,1,53),(801,1286,1,44),(802,1287,1,54),(803,1288,1,60),(804,1289,1,52),(805,1290,1,43),(806,1291,1,59),(807,1292,1,45),(808,1293,1,46),(809,1294,1,36),(810,1295,1,38),(811,1296,1,49),(812,1297,1,60),(813,1298,1,40),(814,1299,1,39),(815,1300,1,55),(816,1301,1,44),(817,1302,1,36),(818,1303,1,39),(819,1304,1,36),(820,1305,1,50),(821,1306,1,36),(822,1307,1,41),(823,1308,1,35),(824,1309,1,41),(825,1310,1,53),(826,1311,1,56),(827,1312,1,39),(828,1313,1,33),(829,1314,1,53),(830,1315,1,53),(831,1316,1,57),(832,1317,1,42),(833,1318,1,35),(834,1319,1,46),(835,1320,1,50),(836,1321,1,38),(837,1322,1,39),(838,1323,1,47),(839,1324,1,52),(840,1325,1,58),(841,1326,1,57),(842,1327,1,48),(843,1328,1,47),(844,1329,1,48),(845,1330,1,59),(846,1331,1,37),(847,1332,1,46),(848,1333,1,54),(849,1334,1,61),(850,1335,1,43),(851,1336,1,45),(852,1337,1,54),(853,1338,1,46),(854,1339,1,60),(855,1340,1,42),(856,1341,1,37),(857,1342,1,36),(858,1343,1,52),(859,1344,1,58),(860,1345,1,54),(861,1346,1,54),(862,1347,1,35),(863,1348,1,32),(864,1349,1,44),(865,1350,1,37),(866,1351,1,40),(867,1352,1,56),(868,1353,1,48),(869,1354,1,60),(870,1355,1,49),(871,1356,1,37),(872,1357,1,55),(873,1358,1,44),(874,1359,1,47),(875,1360,1,47),(876,1361,1,61),(877,1362,1,46),(878,1363,1,49),(879,1364,1,44),(880,1365,1,36),(881,1366,1,52),(882,1367,1,34),(883,1368,1,39),(884,1369,1,61),(885,1370,1,59),(886,1371,1,45),(887,1372,1,61),(888,1373,1,56),(889,1374,1,32),(890,1375,1,36),(891,1376,1,61),(892,1377,1,32),(893,1378,1,58),(894,1379,1,41),(895,1380,1,61),(896,1381,1,34),(897,1382,1,54),(898,1383,1,45),(899,1384,1,40),(900,1385,1,43),(901,1386,1,36),(902,1387,1,46),(903,1388,1,36),(904,1389,1,34),(905,1390,1,60),(906,1391,1,55),(907,1392,1,42),(908,1393,1,52),(909,1394,1,39),(910,1395,1,43),(911,1396,1,49),(912,1397,1,39),(913,1398,1,35),(914,1399,1,37),(915,1400,1,39),(916,1401,1,59),(917,1402,1,53),(918,1403,1,46),(919,1404,1,54),(920,1405,1,33),(921,1406,1,39),(922,1407,1,47),(923,1408,1,43),(924,1409,1,55),(925,1410,1,39),(926,1411,1,33),(927,1412,1,41),(928,1413,1,60),(929,1414,1,35),(930,1415,1,45),(931,1416,1,58),(932,1417,1,42),(933,1418,1,47),(934,1419,1,59),(935,1420,1,34),(936,1421,1,40),(937,1422,1,54),(938,1423,1,37),(939,1424,1,55),(940,1425,1,34),(941,1426,1,34),(942,1427,1,42),(943,1428,1,45),(944,1429,1,61),(945,1430,1,53),(946,1431,1,53),(947,1432,1,40),(948,1433,1,57),(949,1434,1,39),(950,1435,1,34),(951,1436,1,46),(952,1437,1,59),(953,1438,1,60),(954,1439,1,37),(955,1440,1,58),(956,1441,1,44),(957,1442,1,35),(958,1443,1,54),(959,1444,1,43),(960,1445,1,37),(961,1446,1,39),(962,1447,1,32),(963,1448,1,58),(964,1449,1,56),(965,1450,1,37),(966,1451,1,52),(967,1452,1,40),(968,1453,1,61),(969,1454,1,42),(970,1455,1,40),(971,1456,1,49),(972,1457,1,41),(973,1458,1,55),(974,1459,1,37),(975,1460,1,43),(976,1461,1,43),(977,1462,1,37),(978,1463,1,43),(979,1464,1,47),(980,1465,1,49),(981,1466,1,45),(982,1467,1,55),(983,1468,1,55),(984,1469,1,32),(985,1470,1,42),(986,1471,1,35),(987,1472,1,54),(988,1473,1,52),(989,1474,1,43),(990,1475,1,38),(991,1476,1,39),(992,1477,1,42),(993,1478,1,45),(994,1479,1,46),(995,1480,1,61),(996,1481,1,57),(997,1482,1,41),(998,1483,1,45),(999,1484,1,52),(1000,1485,1,55),(1001,1486,1,54),(1002,1487,1,46),(1003,1488,1,39),(1004,1489,1,46),(1005,1490,1,59),(1006,1491,1,40),(1007,1492,1,38),(1008,1493,1,59),(1009,1494,1,44),(1010,1495,1,46),(1011,1496,1,58),(1012,1497,1,53),(1013,1498,1,44),(1014,1499,1,37),(1015,1500,1,60),(1016,1501,1,43),(1017,1502,1,46),(1018,1503,1,49),(1019,1504,1,38),(1020,1505,1,39),(1021,1506,1,41),(1022,1507,1,51),(1023,1508,1,59),(1024,1509,1,48),(1025,1510,1,41),(1026,1511,1,56),(1027,1512,1,32),(1028,1513,1,60),(1029,1514,1,49),(1030,1515,1,57),(1031,1516,1,44),(1032,1517,1,33),(1033,1518,1,60),(1034,1519,1,33),(1035,1520,1,48),(1036,1521,1,35),(1037,1522,1,52),(1038,1523,1,37),(1039,1524,1,57),(1040,1525,1,47),(1041,1526,1,48),(1042,1527,1,52),(1043,1528,1,47),(1044,1529,1,36),(1045,1530,1,61),(1046,1531,1,35),(1047,1532,1,36),(1048,1533,1,42),(1049,1534,1,48),(1050,1535,1,43),(1051,1536,1,54),(1052,1537,1,43),(1053,1538,1,50),(1054,1539,1,57),(1055,1540,1,57),(1056,1541,1,45),(1057,1542,1,42),(1058,1543,1,45),(1059,1544,1,34),(1060,1545,1,42),(1061,1546,1,32),(1062,1547,1,53),(1063,1548,1,45),(1064,1549,1,40),(1065,1550,1,44),(1066,1551,1,36),(1067,1552,1,47),(1068,1553,1,40),(1069,1554,1,46),(1070,1555,1,43),(1071,1556,1,34),(1072,1557,1,44),(1073,1558,1,33),(1074,1559,1,38),(1075,1560,1,42),(1076,1561,1,59),(1077,1562,1,55),(1078,1563,1,33),(1079,1564,1,52),(1080,1565,1,47),(1081,1566,1,45),(1082,1567,1,48),(1083,1568,1,61),(1084,1569,1,42),(1085,1570,1,40),(1086,1571,1,55),(1087,1572,1,32),(1088,1573,1,38),(1089,1574,1,60),(1090,1575,1,50),(1091,1576,1,46),(1092,1577,1,32),(1093,1578,1,41),(1094,1579,1,32),(1095,1580,1,56),(1096,1581,1,38),(1097,1582,1,50),(1098,1583,1,33),(1099,1584,1,55),(1100,1585,1,35),(1101,1586,1,53),(1102,1587,1,34),(1103,1588,1,47),(1104,1589,1,40),(1105,1590,1,57),(1106,1591,1,57),(1107,1592,1,40),(1108,1593,1,54),(1109,1594,1,37),(1110,1595,1,50),(1111,1596,1,40),(1112,1597,1,58),(1113,1598,1,56),(1114,1599,1,44),(1115,1600,1,33),(1116,1601,1,43),(1117,1602,1,34),(1118,1603,1,33),(1119,1604,1,59),(1120,1605,1,51),(1121,1606,1,40),(1122,1607,1,54),(1123,1608,1,52),(1124,1609,1,46),(1125,1610,1,44),(1126,1611,1,39),(1127,1612,1,33),(1128,1613,1,58),(1129,1614,1,51),(1130,1615,1,46),(1131,1616,1,50),(1132,1617,1,35),(1133,1618,1,38),(1134,1619,1,50),(1135,1620,1,45),(1136,1621,1,58),(1137,1622,1,56),(1138,1623,1,33),(1139,1624,1,45),(1140,1625,1,40),(1141,1626,1,41),(1142,1627,1,53),(1143,1628,1,53),(1144,1629,1,51),(1145,1630,1,33),(1146,1631,1,51),(1147,1632,1,34),(1148,1633,1,42),(1149,1634,1,42),(1150,1635,1,32),(1151,1636,1,52),(1152,1637,1,59),(1153,1638,1,46),(1154,1639,1,60),(1155,1640,1,55),(1156,1641,1,40),(1157,1642,1,54),(1158,1643,1,59),(1159,1644,1,45),(1160,1645,1,45),(1161,1646,1,45),(1162,1647,1,47),(1163,1648,1,32),(1164,1649,1,35),(1165,1650,1,41),(1166,1651,1,53),(1167,1652,1,55),(1168,1653,1,40),(1169,1654,1,50),(1170,1655,1,33),(1171,1656,1,51),(1172,1657,1,47),(1173,1658,1,39),(1174,1659,1,36),(1175,1660,1,44),(1176,1661,1,44),(1177,1662,1,46),(1178,1663,1,50),(1179,1664,1,51),(1180,1665,1,45),(1181,1666,1,42),(1182,1667,1,41),(1183,1668,1,47),(1184,1669,1,54),(1185,1670,1,48),(1186,1671,1,40),(1187,1672,1,58),(1188,1673,1,58),(1189,1674,1,45),(1190,1675,1,50),(1191,1676,1,50),(1192,1677,1,37),(1193,1678,1,33),(1194,1679,1,49),(1195,1680,1,35),(1196,1681,1,32),(1197,1682,1,44),(1198,1683,1,41),(1199,1684,1,51),(1200,1685,1,51),(1201,1686,1,45),(1202,1687,1,57),(1203,1688,1,51),(1204,1689,1,58),(1205,1690,1,52),(1206,1691,1,51),(1207,1692,1,49),(1208,1693,1,44),(1209,1694,1,35),(1210,1695,1,32),(1211,1696,1,42),(1212,1697,1,40),(1213,1698,1,56),(1214,1699,1,37);
/*!40000 ALTER TABLE `ALUNNO_CLASSE` ENABLE KEYS */;
UNLOCK TABLES;

--
-- Table structure for table `ANNO_SCOL`
--

DROP TABLE IF EXISTS `ANNO_SCOL`;
/*!40101 SET @saved_cs_client     = @@character_set_client */;
/*!40101 SET character_set_client = utf8 */;
CREATE TABLE `ANNO_SCOL` (
  `ID` bigint(10) NOT NULL AUTO_INCREMENT,
  `ANNO_SCOL` varchar(10) NOT NULL,
  PRIMARY KEY (`ID`),
  UNIQUE KEY `ANNO_SCOL_UNIQUE` (`ANNO_SCOL`)
) ENGINE=InnoDB AUTO_INCREMENT=2 DEFAULT CHARSET=utf8;
/*!40101 SET character_set_client = @saved_cs_client */;

--
-- Dumping data for table `ANNO_SCOL`
--

LOCK TABLES `ANNO_SCOL` WRITE;
/*!40000 ALTER TABLE `ANNO_SCOL` DISABLE KEYS */;
INSERT INTO `ANNO_SCOL` VALUES (1,'2019/2020');
/*!40000 ALTER TABLE `ANNO_SCOL` ENABLE KEYS */;
UNLOCK TABLES;

--
-- Table structure for table `CLASSE`
--

DROP TABLE IF EXISTS `CLASSE`;
/*!40101 SET @saved_cs_client     = @@character_set_client */;
/*!40101 SET character_set_client = utf8 */;
CREATE TABLE `CLASSE` (
  `ID` bigint(10) NOT NULL AUTO_INCREMENT,
  `ANNO` int(11) DEFAULT NULL,
  `SEZIONE` varchar(10) DEFAULT NULL,
  PRIMARY KEY (`ID`)
) ENGINE=InnoDB AUTO_INCREMENT=63 DEFAULT CHARSET=utf8;
/*!40101 SET character_set_client = @saved_cs_client */;

--
-- Dumping data for table `CLASSE`
--

LOCK TABLES `CLASSE` WRITE;
/*!40000 ALTER TABLE `CLASSE` DISABLE KEYS */;
INSERT INTO `CLASSE` VALUES (1,1,'NEE'),(2,1,'DMME'),(3,1,'LIT'),(4,1,'HIT'),(5,1,'MEE'),(6,1,'ATL'),(7,2,'LIT'),(8,2,'EMME'),(9,2,'DMME'),(10,2,'OEE'),(11,2,'ATL'),(12,2,'BTL'),(13,1,'EMME'),(14,1,'CMME'),(15,2,'GIT'),(16,1,'OEE'),(17,2,'HIT'),(18,2,'NEE'),(19,2,'FMME'),(20,1,'BTL'),(21,2,'MIT'),(22,1,'GIT'),(23,2,'CMME'),(24,1,'IIT'),(25,2,'IIT'),(26,1,'FIT'),(27,2,'PEE'),(32,4,'AEN'),(33,4,'AMM'),(34,3,'ALG'),(35,3,'AEC'),(36,3,'AIA'),(37,4,'BEC'),(38,5,'ALG'),(39,3,'AAT'),(40,4,'BIA'),(41,5,'AET'),(42,3,'AET'),(43,3,'AEN'),(44,5,'AAT'),(45,5,'ATL'),(46,3,'BIA'),(47,3,'BLG'),(48,4,'AEC'),(49,5,'AIA'),(50,5,'AMM'),(51,4,'AAT'),(52,3,'BMM'),(53,4,'ATL'),(54,4,'AIA'),(55,4,'ALG'),(56,4,'AET'),(57,5,'AEN'),(58,4,'BLG'),(59,5,'BIA'),(60,3,'AMM'),(61,5,'AEC');
/*!40000 ALTER TABLE `CLASSE` ENABLE KEYS */;
UNLOCK TABLES;

--
-- Table structure for table `DOCENTE`
--

DROP TABLE IF EXISTS `DOCENTE`;
/*!40101 SET @saved_cs_client     = @@character_set_client */;
/*!40101 SET character_set_client = utf8 */;
CREATE TABLE `DOCENTE` (
  `ID` bigint(10) NOT NULL AUTO_INCREMENT,
  `NOME` varchar(255) NOT NULL,
  PRIMARY KEY (`ID`)
) ENGINE=InnoDB AUTO_INCREMENT=256 DEFAULT CHARSET=utf8;
/*!40101 SET character_set_client = @saved_cs_client */;

--
-- Dumping data for table `DOCENTE`
--

LOCK TABLES `DOCENTE` WRITE;
/*!40000 ALTER TABLE `DOCENTE` DISABLE KEYS */;
INSERT INTO `DOCENTE` VALUES (1,'sanges nisio'),(2,'luzzi emio'),(3,'zavoli nicoletta'),(4,'chaibi isabello'),(5,'freschi  filippo'),(6,'De Angelis ludovica'),(7,'bevilacqua eduarda'),(8,'williams annunziatina'),(9,'passitto edi'),(10,'hijjoui zelindo'),(11,'labella raffaelo'),(12,'quartarone armida'),(13,'rucci solideo'),(14,'tisba fioralice'),(15,'finiti isabella'),(16,'pucciotti rosata'),(17,'Benedetti bartolino'),(18,'Napolitano lidamo'),(19,'pascucci bindo'),(20,'linzi fanilla'),(21,'ricciolino finicola'),(22,'borrelli regolo'),(23,'acunzo olema'),(24,'Barone nena'),(25,'magalotti maro'),(26,'lazar arciso'),(27,'paduano vincenzina'),(28,'mariani cola'),(29,'piro filodoro'),(30,'Martinelli tilla'),(31,'fontanella olivera'),(32,'orlandi iole'),(33,'saccone apollonia'),(34,'gnani maurino'),(35,'hushchyna alfo'),(36,'strazzanti cordelio'),(37,'saccone asclepiade'),(38,'costantini doviglio'),(39,'emili olivietta'),(40,'martino roman'),(41,'guzman soriano venicio'),(42,'mangano gualdo'),(43,'veneziano flaviano'),(44,'russo olghina'),(45,'gamberini elllida'),(46,'zepponi udalrigo'),(47,'gindre bellisario'),(48,'campana tancredo'),(49,'Pepe saffo'),(50,'sassi ruffa'),(51,'bassani verter'),(52,'wozniczka drago'),(53,'Caruso novilia'),(54,'fabiani rodomiro'),(55,'sebastiani ezechiela'),(56,'Galli taddea'),(57,'coulier mildo'),(58,'eichenberger alfrida'),(59,'resende azevedo amerio'),(60,'cipollone misa'),(61,'Meloni ariana'),(62,'d\'agapito algimiro'),(63,'Leone vivaldi'),(64,'giorgetti loriana'),(65,'toso ferruglio'),(66,'casella riccardina'),(67,'cataldi michelino'),(68,'parini franzina'),(69,'alfano simonetta'),(70,'zandoli pietruccio'),(71,'totaro  odillo'),(72,'wozniak andreino'),(73,'d\'amore odorina'),(74,'delgadillo vargas signorella'),(75,'el kaaba  armit gioina'),(76,'bellinzoni fiordinando'),(77,'muratori uta'),(78,'Ferrante baldassare'),(79,'rotella wania'),(80,'donati egiziaca'),(81,'romagnoli  arrigo'),(82,'mahu zaffira'),(83,'del aguila rosario demaro'),(84,'bartolucci falerio'),(85,'fassbender beltrando'),(86,'zaccaria giulia'),(87,'bentivegna guiscardo'),(88,'rucci tilda'),(89,'benhadda tamara'),(90,'Giorgi efisino'),(91,'d\'amico maffio'),(92,'steffenoni ildegarda'),(93,'andruccioli frondina'),(94,'eichenberger memore'),(95,'niane tilio'),(96,'cichon arletta'),(97,'angiuli barbara'),(98,'carucci obed'),(99,'Aiello elvana'),(100,'ferrari niclo'),(101,'bonventre edilberto'),(102,'Rossi jennifer'),(103,'tosolini numa'),(104,'forcina crocefisso'),(105,'Amato romino'),(106,'nuti macaria'),(107,'Milani riodante'),(108,'tazzari ines'),(109,'guzman soriano ribella'),(110,'cataldi ferriana'),(111,'bassano ledino'),(112,'de florio aloisa'),(113,'donnhauser misaele'),(114,'colongi ateo'),(115,'ceraldi valleverdina'),(116,'di benimeo nisa'),(117,'Marini serenella'),(118,'conflitti anellino'),(119,'canichella eufrosio'),(120,'filippelli elleno'),(121,'michilli omobuono'),(122,'pulsoni norberta'),(123,'bernacci david'),(124,'sgrigna adelca'),(125,'grebenea raniero'),(126,'barone renio'),(127,'teodorani gaetano'),(128,'strazzanti maurina'),(129,'deiana lorenza'),(130,'ahamed felicina'),(131,'simoni terenziano'),(132,'costantini annibala'),(133,'ricci astrea'),(134,'guida prasseda'),(135,'pierucci vittoria'),(136,'torraca apollinare'),(137,'cataldi modestina'),(138,'Montanari donatantonio'),(139,'santucci leoncina'),(140,'zaratti achillina'),(141,'prelati oriene'),(142,'apreda ampilio'),(143,'Rossetti ferildo'),(144,'valdinosi elisena'),(145,'gagliardi petrina'),(146,'baldinotti minna'),(147,'salamone  vita'),(148,'verastegui pereyra eliseno'),(149,'lecca fiolomena'),(150,'callegarini eraclito'),(151,'patwary stella'),(152,'capanna eliodoro');
/*!40000 ALTER TABLE `DOCENTE` ENABLE KEYS */;
UNLOCK TABLES;

--
-- Table structure for table `INSEGNA`
--

DROP TABLE IF EXISTS `INSEGNA`;
/*!40101 SET @saved_cs_client     = @@character_set_client */;
/*!40101 SET character_set_client = utf8 */;
CREATE TABLE `INSEGNA` (
  `ID` bigint(10) NOT NULL AUTO_INCREMENT,
  `ID_DOCENTE` bigint(10) NOT NULL,
  `ID_MATERIA` bigint(10) NOT NULL,
  `ID_CLASSE` bigint(10) NOT NULL,
  `IDANNO_SCOL` bigint(10) NOT NULL,
  PRIMARY KEY (`ID`)
) ENGINE=InnoDB AUTO_INCREMENT=2048 DEFAULT CHARSET=utf8;
/*!40101 SET character_set_client = @saved_cs_client */;

--
-- Dumping data for table `INSEGNA`
--

LOCK TABLES `INSEGNA` WRITE;
/*!40000 ALTER TABLE `INSEGNA` DISABLE KEYS */;
INSERT INTO `INSEGNA` VALUES (1,135,1,1,1),(2,95,2,1,1),(3,122,3,1,1),(4,12,5,1,1),(5,41,8,1,1),(6,104,11,1,1),(7,54,12,1,1),(8,9,31,1,1),(9,23,32,1,1),(10,53,34,1,1),(11,88,35,1,1),(12,11,36,1,1),(13,68,37,1,1),(14,91,37,1,1),(15,23,38,1,1),(16,24,38,1,1),(17,58,39,1,1),(18,91,40,1,1),(19,25,41,1,1),(20,58,41,1,1),(21,57,43,1,1),(22,116,1,2,1),(23,113,2,2,1),(24,137,3,2,1),(25,90,5,2,1),(26,41,8,2,1),(27,22,11,2,1),(28,54,12,2,1),(29,10,31,2,1),(30,103,32,2,1),(31,137,34,2,1),(32,144,35,2,1),(33,11,36,2,1),(34,15,37,2,1),(35,112,37,2,1),(36,24,38,2,1),(37,103,38,2,1),(38,29,39,2,1),(39,112,40,2,1),(40,25,41,2,1),(41,29,41,2,1),(42,116,1,3,1),(43,95,2,3,1),(44,67,3,3,1),(45,20,5,3,1),(46,41,8,3,1),(47,104,11,3,1),(48,54,12,3,1),(49,34,31,3,1),(50,26,32,3,1),(51,76,34,3,1),(52,144,35,3,1),(53,62,36,3,1),(54,68,37,3,1),(55,78,37,3,1),(56,24,38,3,1),(57,26,38,3,1),(58,127,39,3,1),(59,78,40,3,1),(60,25,41,3,1),(61,127,41,3,1),(62,57,43,3,1),(63,52,1,4,1),(64,45,2,4,1),(65,137,3,4,1),(66,70,5,4,1),(67,41,8,4,1),(68,106,11,4,1),(69,54,12,4,1),(70,34,31,4,1),(71,118,32,4,1),(72,137,34,4,1),(73,79,35,4,1),(74,62,36,4,1),(75,15,37,4,1),(76,44,37,4,1),(77,77,38,4,1),(78,118,38,4,1),(79,59,39,4,1),(80,44,40,4,1),(81,25,41,4,1),(82,59,41,4,1),(83,57,43,4,1),(84,3,1,5,1),(85,95,2,5,1),(86,67,3,5,1),(87,12,5,5,1),(88,41,8,5,1),(89,104,11,5,1),(90,54,12,5,1),(91,34,31,5,1),(92,118,32,5,1),(93,53,34,5,1),(94,88,35,5,1),(95,109,36,5,1),(96,68,37,5,1),(97,91,37,5,1),(98,77,38,5,1),(99,118,38,5,1),(100,138,39,5,1),(101,91,40,5,1),(102,25,41,5,1),(103,138,41,5,1),(104,57,43,5,1),(105,2,1,6,1),(106,6,2,6,1),(107,21,3,6,1),(108,12,5,6,1),(109,41,8,6,1),(110,22,11,6,1),(111,54,12,6,1),(112,9,31,6,1),(113,26,32,6,1),(114,21,34,6,1),(115,97,35,6,1),(116,60,36,6,1),(117,15,37,6,1),(118,16,37,6,1),(119,24,38,6,1),(120,26,38,6,1),(121,32,39,6,1),(122,16,40,6,1),(123,25,41,6,1),(124,32,41,6,1),(125,57,43,6,1),(126,2,1,7,1),(127,134,2,7,1),(128,102,3,7,1),(129,12,5,7,1),(130,104,11,7,1),(131,54,12,7,1),(132,34,31,7,1),(133,23,32,7,1),(134,102,34,7,1),(135,144,35,7,1),(136,60,36,7,1),(137,68,37,7,1),(138,78,37,7,1),(139,23,38,7,1),(140,24,38,7,1),(141,78,40,7,1),(142,105,42,7,1),(143,60,49,7,1),(144,100,49,7,1),(145,37,1,8,1),(146,113,2,8,1),(147,102,3,8,1),(148,90,5,8,1),(149,106,11,8,1),(150,54,12,8,1),(151,34,31,8,1),(152,26,32,8,1),(153,102,34,8,1),(154,88,35,8,1),(155,11,36,8,1),(156,15,37,8,1),(157,78,37,8,1),(158,24,38,8,1),(159,26,38,8,1),(160,78,40,8,1),(161,85,42,8,1),(162,11,49,8,1),(163,121,49,8,1),(164,116,1,9,1),(165,45,2,9,1),(166,13,3,9,1),(167,12,5,9,1),(168,22,11,9,1),(169,54,12,9,1),(170,10,31,9,1),(171,36,32,9,1),(172,13,34,9,1),(173,144,35,9,1),(174,11,36,9,1),(175,15,37,9,1),(176,16,37,9,1),(177,24,38,9,1),(178,36,38,9,1),(179,16,40,9,1),(180,39,42,9,1),(181,57,43,9,1),(182,11,49,9,1),(183,83,49,9,1),(184,35,1,10,1),(185,134,2,10,1),(186,46,3,10,1),(187,90,5,10,1),(188,104,11,10,1),(189,9,31,10,1),(190,23,32,10,1),(191,46,34,10,1),(192,124,35,10,1),(193,142,36,10,1),(194,68,37,10,1),(195,91,37,10,1),(196,23,38,10,1),(197,24,38,10,1),(198,91,40,10,1),(199,69,42,10,1),(200,121,49,10,1),(201,142,49,10,1),(202,98,1,11,1),(203,86,2,11,1),(204,13,3,11,1),(205,20,5,11,1),(206,22,11,11,1),(207,54,12,11,1),(208,10,31,11,1),(209,26,32,11,1),(210,13,34,11,1),(211,93,35,11,1),(212,60,36,11,1),(213,15,37,11,1),(214,112,37,11,1),(215,24,38,11,1),(216,26,38,11,1),(217,112,40,11,1),(218,38,42,11,1),(219,60,49,11,1),(220,83,49,11,1),(221,116,1,12,1),(222,55,2,12,1),(223,131,3,12,1),(224,20,5,12,1),(225,22,11,12,1),(226,54,12,12,1),(227,10,31,12,1),(228,23,32,12,1),(229,131,34,12,1),(230,93,35,12,1),(231,60,36,12,1),(232,15,37,12,1),(233,16,37,12,1),(234,23,38,12,1),(235,24,38,12,1),(236,16,40,12,1),(237,38,42,12,1),(238,57,43,12,1),(239,60,49,12,1),(240,121,49,12,1),(241,3,1,13,1),(242,113,2,13,1),(243,53,3,13,1),(244,90,5,13,1),(245,41,8,13,1),(246,106,11,13,1),(247,10,31,13,1),(248,36,32,13,1),(249,53,34,13,1),(250,88,35,13,1),(251,11,36,13,1),(252,15,37,13,1),(253,78,37,13,1),(254,24,38,13,1),(255,36,38,13,1),(256,108,39,13,1),(257,78,40,13,1),(258,108,41,13,1),(259,147,41,13,1),(260,57,43,13,1),(261,52,1,14,1),(262,113,2,14,1),(263,18,3,14,1),(264,20,5,14,1),(265,41,8,14,1),(266,22,11,14,1),(267,54,12,14,1),(268,34,31,14,1),(269,103,32,14,1),(270,18,34,14,1),(271,97,35,14,1),(272,62,36,14,1),(273,15,37,14,1),(274,16,37,14,1),(275,24,38,14,1),(276,103,38,14,1),(277,29,39,14,1),(278,16,40,14,1),(279,29,41,14,1),(280,84,41,14,1),(281,57,43,14,1),(282,35,1,15,1),(283,86,2,15,1),(284,43,3,15,1),(285,70,5,15,1),(286,106,11,15,1),(287,34,31,15,1),(288,103,32,15,1),(289,43,34,15,1),(290,97,35,15,1),(291,62,36,15,1),(292,15,37,15,1),(293,16,37,15,1),(294,24,38,15,1),(295,103,38,15,1),(296,16,40,15,1),(297,59,42,15,1),(298,62,49,15,1),(299,121,49,15,1),(300,117,1,16,1),(301,92,2,16,1),(302,50,3,16,1),(303,145,5,16,1),(304,41,8,16,1),(305,104,11,16,1),(306,54,12,16,1),(307,9,31,16,1),(308,23,32,16,1),(309,50,34,16,1),(310,124,35,16,1),(311,142,36,16,1),(312,68,37,16,1),(313,91,37,16,1),(314,23,38,16,1),(315,24,38,16,1),(316,29,39,16,1),(317,91,40,16,1),(318,25,41,16,1),(319,29,41,16,1),(320,57,43,16,1),(321,52,1,17,1),(322,86,2,17,1),(323,17,3,17,1),(324,90,5,17,1),(325,106,11,17,1),(326,54,12,17,1),(327,9,31,17,1),(328,36,32,17,1),(329,17,34,17,1),(330,87,35,17,1),(331,109,36,17,1),(332,15,37,17,1),(333,112,37,17,1),(334,36,38,17,1),(335,77,38,17,1),(336,112,40,17,1),(337,105,42,17,1),(338,57,43,17,1),(339,109,49,17,1),(340,121,49,17,1),(341,135,1,18,1),(342,33,2,18,1),(343,81,3,18,1),(344,12,5,18,1),(345,104,11,18,1),(346,54,12,18,1),(347,9,31,18,1),(348,26,32,18,1),(349,81,34,18,1),(350,88,35,18,1),(351,142,36,18,1),(352,68,37,18,1),(353,91,37,18,1),(354,24,38,18,1),(355,26,38,18,1),(356,91,40,18,1),(357,73,42,18,1),(358,121,49,18,1),(359,142,49,18,1),(360,31,1,19,1),(361,86,2,19,1),(362,146,3,19,1),(363,70,5,19,1),(364,106,11,19,1),(365,54,12,19,1),(366,34,31,19,1),(367,26,32,19,1),(368,146,34,19,1),(369,124,35,19,1),(370,11,36,19,1),(371,15,37,19,1),(372,44,37,19,1),(373,24,38,19,1),(374,26,38,19,1),(375,44,40,19,1),(376,39,42,19,1),(377,57,43,19,1),(378,11,49,19,1),(379,121,49,19,1),(380,61,1,20,1),(381,6,2,20,1),(382,76,3,20,1),(383,90,5,20,1),(384,41,8,20,1),(385,22,11,20,1),(386,54,12,20,1),(387,9,31,20,1),(388,103,32,20,1),(389,76,34,20,1),(390,93,35,20,1),(391,109,36,20,1),(392,15,37,20,1),(393,112,37,20,1),(394,77,38,20,1),(395,103,38,20,1),(396,32,39,20,1),(397,112,40,20,1),(398,28,41,20,1),(399,32,41,20,1),(400,57,43,20,1),(401,2,1,21,1),(402,7,2,21,1),(403,80,3,21,1),(404,20,5,21,1),(405,104,11,21,1),(406,54,12,21,1),(407,9,31,21,1),(408,36,32,21,1),(409,80,34,21,1),(410,97,35,21,1),(411,109,36,21,1),(412,68,37,21,1),(413,78,37,21,1),(414,36,38,21,1),(415,77,38,21,1),(416,78,40,21,1),(417,8,42,21,1),(418,109,49,21,1),(419,121,49,21,1),(420,132,1,22,1),(421,45,2,22,1),(422,137,3,22,1),(423,90,5,22,1),(424,41,8,22,1),(425,106,11,22,1),(426,54,12,22,1),(427,10,31,22,1),(428,36,32,22,1),(429,137,34,22,1),(430,97,35,22,1),(431,60,36,22,1),(432,15,37,22,1),(433,112,37,22,1),(434,36,38,22,1),(435,77,38,22,1),(436,58,39,22,1),(437,112,40,22,1),(438,58,41,22,1),(439,147,41,22,1),(440,57,43,22,1),(441,98,1,23,1),(442,55,2,23,1),(443,18,3,23,1),(444,20,5,23,1),(445,22,11,23,1),(446,10,31,23,1),(447,103,32,23,1),(448,18,34,23,1),(449,93,35,23,1),(450,60,36,23,1),(451,15,37,23,1),(452,44,37,23,1),(453,24,38,23,1),(454,103,38,23,1),(455,44,40,23,1),(456,39,42,23,1),(457,60,49,23,1),(458,121,49,23,1),(459,61,1,24,1),(460,45,2,24,1),(461,122,3,24,1),(462,20,5,24,1),(463,41,8,24,1),(464,106,11,24,1),(465,54,12,24,1),(466,10,31,24,1),(467,118,32,24,1),(468,122,34,24,1),(469,79,35,24,1),(470,60,36,24,1),(471,15,37,24,1),(472,16,37,24,1),(473,77,38,24,1),(474,118,38,24,1),(475,71,39,24,1),(476,16,40,24,1),(477,25,41,24,1),(478,71,41,24,1),(479,57,43,24,1),(480,63,1,25,1),(481,33,2,25,1),(482,5,3,25,1),(483,145,5,25,1),(484,106,11,25,1),(485,54,12,25,1),(486,34,31,25,1),(487,118,32,25,1),(488,5,34,25,1),(489,87,35,25,1),(490,109,36,25,1),(491,15,37,25,1),(492,44,37,25,1),(493,77,38,25,1),(494,118,38,25,1),(495,44,40,25,1),(496,59,42,25,1),(497,83,49,25,1),(498,109,49,25,1),(499,30,1,26,1),(500,6,2,26,1),(501,18,3,26,1),(502,12,5,26,1),(503,41,8,26,1),(504,106,11,26,1),(505,54,12,26,1),(506,10,31,26,1),(507,36,32,26,1),(508,18,34,26,1),(509,87,35,26,1),(510,11,36,26,1),(511,15,37,26,1),(512,78,37,26,1),(513,24,38,26,1),(514,36,38,26,1),(515,105,39,26,1),(516,78,40,26,1),(517,105,41,26,1),(518,147,41,26,1),(519,57,43,26,1),(520,135,1,27,1),(521,134,2,27,1),(522,76,3,27,1),(523,12,5,27,1),(524,104,11,27,1),(525,54,12,27,1),(526,9,31,27,1),(527,23,32,27,1),(528,76,34,27,1),(529,124,35,27,1),(530,62,36,27,1),(531,68,37,27,1),(532,91,37,27,1),(533,23,38,27,1),(534,77,38,27,1),(535,91,40,27,1),(536,8,42,27,1),(537,62,49,27,1),(538,100,49,27,1),(539,61,1,32,1),(540,42,3,32,1),(541,61,7,32,1),(542,104,11,32,1),(543,145,12,32,1),(544,65,15,32,1),(545,82,15,32,1),(546,134,16,32,1),(547,82,25,32,1),(548,65,29,32,1),(549,133,29,32,1),(550,42,34,32,1),(551,79,35,32,1),(552,100,50,32,1),(553,151,50,32,1),(554,151,52,32,1),(555,65,56,32,1),(556,96,56,32,1),(557,31,1,33,1),(558,21,3,33,1),(559,31,7,33,1),(560,104,11,33,1),(561,145,12,33,1),(562,82,15,33,1),(563,100,15,33,1),(564,86,16,33,1),(565,49,24,33,1),(566,148,24,33,1),(567,82,25,33,1),(568,21,34,33,1),(569,97,35,33,1),(570,83,50,33,1),(571,133,50,33,1),(572,133,52,33,1),(573,96,56,33,1),(574,148,56,33,1),(575,31,1,34,1),(576,146,3,34,1),(577,101,4,34,1),(578,150,4,34,1),(579,70,5,34,1),(580,31,7,34,1),(581,106,11,34,1),(582,145,12,34,1),(583,45,16,34,1),(584,101,17,34,1),(585,1,18,34,1),(586,127,18,34,1),(587,115,19,34,1),(588,123,19,34,1),(589,115,21,34,1),(590,85,22,34,1),(591,150,22,34,1),(592,85,27,34,1),(593,127,28,34,1),(594,146,34,34,1),(595,88,35,34,1),(596,117,1,35,1),(597,50,3,35,1),(598,117,7,35,1),(599,32,10,35,1),(600,94,10,35,1),(601,104,11,35,1),(602,92,16,35,1),(603,32,23,35,1),(604,50,34,35,1),(605,144,35,35,1),(606,1,45,35,1),(607,119,45,35,1),(608,29,47,35,1),(609,29,48,35,1),(610,111,48,35,1),(611,119,54,35,1),(612,35,1,36,1),(613,80,3,36,1),(614,35,7,36,1),(615,104,11,36,1),(616,7,16,36,1),(617,129,20,36,1),(618,130,20,36,1),(619,130,26,36,1),(620,28,33,36,1),(621,71,33,36,1),(622,80,34,36,1),(623,88,35,36,1),(624,28,44,36,1),(625,139,44,36,1),(626,71,46,36,1),(627,105,51,36,1),(628,139,53,36,1),(629,105,55,36,1),(630,111,55,36,1),(631,117,1,37,1),(632,64,3,37,1),(633,117,7,37,1),(634,72,10,37,1),(635,89,10,37,1),(636,104,11,37,1),(637,92,16,37,1),(638,89,23,37,1),(639,64,34,37,1),(640,144,35,37,1),(641,72,45,37,1),(642,73,45,37,1),(643,108,47,37,1),(644,51,48,37,1),(645,108,48,37,1),(646,73,54,37,1),(647,2,1,38,1),(648,46,3,38,1),(649,115,4,38,1),(650,123,4,38,1),(651,20,5,38,1),(652,22,11,38,1),(653,7,16,38,1),(654,115,17,38,1),(655,94,18,38,1),(656,127,18,38,1),(657,101,19,38,1),(658,123,19,38,1),(659,101,21,38,1),(660,85,22,38,1),(661,150,22,38,1),(662,85,27,38,1),(663,127,28,38,1),(664,46,34,38,1),(665,47,35,38,1),(666,132,1,39,1),(667,81,3,39,1),(668,132,7,39,1),(669,19,10,39,1),(670,111,10,39,1),(671,22,11,39,1),(672,145,12,39,1),(673,92,16,39,1),(674,19,23,39,1),(675,81,34,39,1),(676,97,35,39,1),(677,48,45,39,1),(678,138,45,39,1),(679,56,47,39,1),(680,56,48,39,1),(681,141,48,39,1),(682,138,54,39,1),(683,30,1,40,1),(684,17,3,40,1),(685,30,7,40,1),(686,22,11,40,1),(687,113,16,40,1),(688,66,20,40,1),(689,129,20,40,1),(690,66,26,40,1),(691,28,33,40,1),(692,139,33,40,1),(693,17,34,40,1),(694,124,35,40,1),(695,107,44,40,1),(696,114,44,40,1),(697,139,46,40,1),(698,105,51,40,1),(699,107,53,40,1),(700,48,55,40,1),(701,105,55,40,1),(702,35,1,41,1),(703,43,3,41,1),(704,19,10,41,1),(705,111,10,41,1),(706,104,11,41,1),(707,92,16,41,1),(708,19,23,41,1),(709,43,34,41,1),(710,93,35,41,1),(711,48,45,41,1),(712,56,45,41,1),(713,58,47,41,1),(714,58,48,41,1),(715,141,48,41,1),(716,56,54,41,1),(717,37,1,42,1),(718,131,3,42,1),(719,37,7,42,1),(720,1,10,42,1),(721,27,10,42,1),(722,106,11,42,1),(723,145,12,42,1),(724,55,16,42,1),(725,27,23,42,1),(726,131,34,42,1),(727,93,35,42,1),(728,56,45,42,1),(729,94,45,42,1),(730,69,47,42,1),(731,69,48,42,1),(732,141,48,42,1),(733,56,54,42,1),(734,135,1,43,1),(735,42,3,43,1),(736,135,7,43,1),(737,22,11,43,1),(738,100,15,43,1),(739,149,15,43,1),(740,6,16,43,1),(741,149,25,43,1),(742,49,29,43,1),(743,100,29,43,1),(744,42,34,43,1),(745,79,35,43,1),(746,83,50,43,1),(747,151,50,43,1),(748,151,52,43,1),(749,65,56,43,1),(750,151,56,43,1),(751,98,1,44,1),(752,5,3,44,1),(753,27,10,44,1),(754,48,10,44,1),(755,104,11,44,1),(756,92,16,44,1),(757,27,23,44,1),(758,5,34,44,1),(759,124,35,44,1),(760,1,45,44,1),(761,138,45,44,1),(762,69,47,44,1),(763,69,48,44,1),(764,94,48,44,1),(765,138,54,44,1),(766,61,1,45,1),(767,120,3,45,1),(768,22,11,45,1),(769,58,13,45,1),(770,33,16,45,1),(771,58,30,45,1),(772,147,30,45,1),(773,51,33,45,1),(774,119,33,45,1),(775,120,34,45,1),(776,144,35,45,1),(777,29,44,45,1),(778,94,44,45,1),(779,119,46,45,1),(780,8,51,45,1),(781,29,53,45,1),(782,8,55,45,1),(783,51,55,45,1),(784,30,1,46,1),(785,17,3,46,1),(786,30,7,46,1),(787,104,11,46,1),(788,6,16,46,1),(789,66,20,46,1),(790,129,20,46,1),(791,66,26,46,1),(792,28,33,46,1),(793,59,33,46,1),(794,17,34,46,1),(795,124,35,46,1),(796,28,44,46,1),(797,107,44,46,1),(798,59,46,46,1),(799,105,51,46,1),(800,107,53,46,1),(801,1,55,46,1),(802,105,55,46,1),(803,3,1,47,1),(804,102,3,47,1),(805,101,4,47,1),(806,123,4,47,1),(807,90,5,47,1),(808,3,7,47,1),(809,106,11,47,1),(810,45,16,47,1),(811,101,17,47,1),(812,127,18,47,1),(813,141,18,47,1),(814,38,19,47,1),(815,123,19,47,1),(816,38,21,47,1),(817,85,22,47,1),(818,150,22,47,1),(819,85,27,47,1),(820,127,28,47,1),(821,102,34,47,1),(822,79,35,47,1),(823,117,1,48,1),(824,40,3,48,1),(825,117,7,48,1),(826,72,10,48,1),(827,89,10,48,1),(828,106,11,48,1),(829,55,16,48,1),(830,89,23,48,1),(831,40,34,48,1),(832,144,35,48,1),(833,72,45,48,1),(834,73,45,48,1),(835,108,47,48,1),(836,94,48,48,1),(837,108,48,48,1),(838,73,54,48,1),(839,35,1,49,1),(840,50,3,49,1),(841,22,11,49,1),(842,71,13,49,1),(843,7,16,49,1),(844,129,20,49,1),(845,130,20,49,1),(846,130,26,49,1),(847,71,30,49,1),(848,147,30,49,1),(849,28,33,49,1),(850,107,33,49,1),(851,50,34,49,1),(852,47,35,49,1),(853,114,44,49,1),(854,139,44,49,1),(855,107,46,49,1),(856,139,53,49,1),(857,52,1,50,1),(858,21,3,50,1),(859,104,11,50,1),(860,14,15,50,1),(861,133,15,50,1),(862,134,16,50,1),(863,96,24,50,1),(864,148,24,50,1),(865,133,25,50,1),(866,21,34,50,1),(867,97,35,50,1),(868,83,50,50,1),(869,149,50,50,1),(870,149,52,50,1),(871,49,56,50,1),(872,148,56,50,1),(873,61,1,51,1),(874,43,3,51,1),(875,61,7,51,1),(876,48,10,51,1),(877,127,10,51,1),(878,104,11,51,1),(879,33,16,51,1),(880,127,23,51,1),(881,43,34,51,1),(882,93,35,51,1),(883,111,45,51,1),(884,138,45,51,1),(885,19,47,51,1),(886,19,48,51,1),(887,141,48,51,1),(888,138,54,51,1),(889,52,1,52,1),(890,46,3,52,1),(891,52,7,52,1),(892,22,11,52,1),(893,145,12,52,1),(894,14,15,52,1),(895,133,15,52,1),(896,55,16,52,1),(897,96,24,52,1),(898,100,24,52,1),(899,133,25,52,1),(900,46,34,52,1),(901,79,35,52,1),(902,83,50,52,1),(903,149,50,52,1),(904,149,52,52,1),(905,39,56,52,1),(906,65,56,52,1),(907,30,1,53,1),(908,120,3,53,1),(909,30,7,53,1),(910,22,11,53,1),(911,33,16,53,1),(912,25,20,53,1),(913,59,20,53,1),(914,59,26,53,1),(915,51,33,53,1),(916,119,33,53,1),(917,120,34,53,1),(918,124,35,53,1),(919,58,44,53,1),(920,111,44,53,1),(921,119,46,53,1),(922,8,51,53,1),(923,58,53,53,1),(924,8,55,53,1),(925,51,55,53,1),(926,37,1,54,1),(927,80,3,54,1),(928,37,7,54,1),(929,7,16,54,1),(930,129,20,54,1),(931,130,20,54,1),(932,130,26,54,1),(933,28,33,54,1),(934,107,33,54,1),(935,80,34,54,1),(936,88,35,54,1),(937,114,44,54,1),(938,139,44,54,1),(939,107,46,54,1),(940,105,51,54,1),(941,139,53,54,1),(942,105,55,54,1),(943,111,55,54,1),(944,3,1,55,1),(945,81,3,55,1),(946,101,4,55,1),(947,150,4,55,1),(948,90,5,55,1),(949,3,7,55,1),(950,106,11,55,1),(951,7,16,55,1),(952,101,17,55,1),(953,1,18,55,1),(954,127,18,55,1),(955,115,19,55,1),(956,123,19,55,1),(957,115,21,55,1),(958,85,22,55,1),(959,150,22,55,1),(960,85,27,55,1),(961,127,28,55,1),(962,81,34,55,1),(963,88,35,55,1),(964,132,1,56,1),(965,131,3,56,1),(966,132,7,56,1),(967,27,10,56,1),(968,48,10,56,1),(969,22,11,56,1),(970,134,16,56,1),(971,27,23,56,1),(972,131,34,56,1),(973,93,35,56,1),(974,1,45,56,1),(975,56,45,56,1),(976,69,47,56,1),(977,69,48,56,1),(978,141,48,56,1),(979,56,54,56,1),(980,98,1,57,1),(981,5,3,57,1),(982,22,11,57,1),(983,82,15,57,1),(984,83,15,57,1),(985,33,16,57,1),(986,82,25,57,1),(987,49,29,57,1),(988,65,29,57,1),(989,5,34,57,1),(990,93,35,57,1),(991,83,50,57,1),(992,151,50,57,1),(993,151,52,57,1),(994,65,56,57,1),(995,149,56,57,1),(996,2,1,58,1),(997,13,3,58,1),(998,101,4,58,1),(999,150,4,58,1),(1000,20,5,58,1),(1001,2,7,58,1),(1002,22,11,58,1),(1003,86,16,58,1),(1004,101,17,58,1),(1005,48,18,58,1),(1006,127,18,58,1),(1007,115,19,58,1),(1008,123,19,58,1),(1009,115,21,58,1),(1010,85,22,58,1),(1011,150,22,58,1),(1012,85,27,58,1),(1013,127,28,58,1),(1014,13,34,58,1),(1015,79,35,58,1),(1016,30,1,59,1),(1017,64,3,59,1),(1018,71,13,59,1),(1019,113,16,59,1),(1020,66,20,59,1),(1021,129,20,59,1),(1022,66,26,59,1),(1023,71,30,59,1),(1024,84,30,59,1),(1025,28,33,59,1),(1026,139,33,59,1),(1027,64,34,59,1),(1028,124,35,59,1),(1029,107,44,59,1),(1030,114,44,59,1),(1031,139,46,59,1),(1032,107,53,59,1),(1033,98,1,60,1),(1034,146,3,60,1),(1035,98,7,60,1),(1036,22,11,60,1),(1037,14,15,60,1),(1038,82,15,60,1),(1039,6,16,60,1),(1040,96,24,60,1),(1041,148,24,60,1),(1042,82,25,60,1),(1043,146,34,60,1),(1044,97,35,60,1),(1045,14,50,60,1),(1046,149,50,60,1),(1047,149,52,60,1),(1048,39,56,60,1),(1049,148,56,60,1),(1050,117,1,61,1),(1051,40,3,61,1),(1052,72,10,61,1),(1053,89,10,61,1),(1054,104,11,61,1),(1055,55,16,61,1),(1056,89,23,61,1),(1057,40,34,61,1),(1058,144,35,61,1),(1059,72,45,61,1),(1060,73,45,61,1),(1061,119,47,61,1),(1062,51,48,61,1),(1063,119,48,61,1),(1064,73,54,61,1);
/*!40000 ALTER TABLE `INSEGNA` ENABLE KEYS */;
UNLOCK TABLES;

--
-- Table structure for table `MATERIA`
--

DROP TABLE IF EXISTS `MATERIA`;
/*!40101 SET @saved_cs_client     = @@character_set_client */;
/*!40101 SET character_set_client = utf8 */;
CREATE TABLE `MATERIA` (
  `ID` bigint(10) NOT NULL AUTO_INCREMENT,
  `NOME` varchar(255) NOT NULL,
  PRIMARY KEY (`ID`)
) ENGINE=InnoDB AUTO_INCREMENT=64 DEFAULT CHARSET=utf8;
/*!40101 SET character_set_client = @saved_cs_client */;

--
-- Dumping data for table `MATERIA`
--

LOCK TABLES `MATERIA` WRITE;
/*!40000 ALTER TABLE `MATERIA` DISABLE KEYS */;
INSERT INTO `MATERIA` VALUES (1,'MATEMATICA'),(2,'INGLESE 1'),(3,'LING. E LETT. ITALIANA'),(4,'SC. NAVIG. STRUTT. COST. LAB'),(5,'DIRITTO ed ECONOMIA'),(6,'Nuova materia (1)'),(7,'COMPLEMENTI MATEMATICA'),(8,'GEOGRAFIA'),(9,'DISP'),(10,'ELETTRON. ELETTROTEC. LAB'),(11,'RELIGIONE E ALTERNATIVA'),(12,'ALTERNATIVA'),(13,'GESTIONE PR. ORG. IMPR.'),(14,'RICEVIMENTO'),(15,'MECC. MACCH. ENERGIA LAB'),(16,'INGLESE 2'),(17,'SC. NAVIG. STRUTT. COST.'),(18,'ELETTRON. ELETTROTEC. AUT. LAB'),(19,'LOGISTICA LAB'),(20,'INFORMATICA LAB'),(21,'LOGISTICA'),(22,'MECCANICA E MACCHINE LAB'),(23,'ELETTRON. ELETTROTEC.'),(24,'DISEGNO PROG. ORG. IND.'),(25,'MECC. MACCH. ENERGIA'),(26,'INFORMATICA'),(27,'MECCANICA E MACCHINE'),(28,'ELETTRON. ELETTROTEC. AUT.'),(29,'IMP. ENER. DISEG. PROG.'),(30,'GESTIONE PR. ORG. IMPR. LAB'),(31,'SCIEN. TERRA/BIOLOGIA'),(32,'SCIENZE INT. CHIMICA'),(33,'SISTEMI E RETI LAB'),(34,'STORIA CITT. E COSTIT.'),(35,'SCIENZE MOTORIE'),(36,'TECN. TEC. RAPP. GRAFICA'),(37,'SCIENZE INT. FISICA LAB'),(38,'SCIENZE INT. CHIMICA LAB'),(39,'TECN. INFORMAT.'),(40,'SCIENZE INT. FISICA'),(41,'TECN. INFORMAT. LAB'),(42,'SCIENZE TECNOL. APPL.'),(43,'STUDIO ASS.'),(44,'TECN. PROG. SIST. INF. TL LAB'),(45,'SISTEMI AUTOMATICI LAB'),(46,'SISTEMI E RETI'),(47,'TECN. PROG. SIST. E.E.'),(48,'TECN. PROG. SIST. E.E. LAB'),(49,'TECN. TEC. RAPP. GRAFICA LAB'),(50,'SISTEMI E AUTOMAZIONE LAB'),(51,'TELECOMUNICAZIONI'),(52,'SISTEMI E AUTOMAZIONE'),(53,'TECN. PROG. SIST. INF. TL'),(54,'SISTEMI AUTOMATICI'),(55,'TELECOMUNICAZIONI LAB'),(56,'TECN. MECC. PROG. PROD.');
/*!40000 ALTER TABLE `MATERIA` ENABLE KEYS */;
UNLOCK TABLES;

--
-- Temporary view structure for view `view_alunno_classe`
--

DROP TABLE IF EXISTS `view_alunno_classe`;
/*!50001 DROP VIEW IF EXISTS `view_alunno_classe`*/;
SET @saved_cs_client     = @@character_set_client;
SET character_set_client = utf8;
/*!50001 CREATE VIEW `view_alunno_classe` AS SELECT 
 1 AS `ANNO_SCOL`,
 1 AS `COGNOME`,
 1 AS `NOME`,
 1 AS `CODICE_FISCALE`,
 1 AS `CODICE_SIDI`,
 1 AS `ANNO`,
 1 AS `SEZIONE`*/;
SET character_set_client = @saved_cs_client;

--
-- Temporary view structure for view `view_insegna`
--

DROP TABLE IF EXISTS `view_insegna`;
/*!50001 DROP VIEW IF EXISTS `view_insegna`*/;
SET @saved_cs_client     = @@character_set_client;
SET character_set_client = utf8;
/*!50001 CREATE VIEW `view_insegna` AS SELECT 
 1 AS `ANNO_SCOL`,
 1 AS `DOCENTE`,
 1 AS `MATERIA`,
 1 AS `ANNO`,
 1 AS `SEZIONE`*/;
SET character_set_client = @saved_cs_client;

--
-- Final view structure for view `view_alunno_classe`
--

/*!50001 DROP VIEW IF EXISTS `view_alunno_classe`*/;
/*!50001 SET @saved_cs_client          = @@character_set_client */;
/*!50001 SET @saved_cs_results         = @@character_set_results */;
/*!50001 SET @saved_col_connection     = @@collation_connection */;
/*!50001 SET character_set_client      = utf8 */;
/*!50001 SET character_set_results     = utf8 */;
/*!50001 SET collation_connection      = utf8_general_ci */;
/*!50001 CREATE ALGORITHM=UNDEFINED */
/*!50013 DEFINER=`root`@`localhost` SQL SECURITY DEFINER */
/*!50001 VIEW `view_alunno_classe` AS (select `A`.`ANNO_SCOL` AS `ANNO_SCOL`,`AL`.`COGNOME` AS `COGNOME`,`AL`.`NOME` AS `NOME`,`AL`.`CODICE_FISCALE` AS `CODICE_FISCALE`,`AL`.`CODICE_SIDI` AS `CODICE_SIDI`,`CL`.`ANNO` AS `ANNO`,`CL`.`SEZIONE` AS `SEZIONE` from (((`alunno_classe` `AC` left join `anno_scol` `A` on((`AC`.`ID_ANNO_SCOL` = `A`.`ID`))) left join `classe` `CL` on((`AC`.`ID_CLASSE` = `CL`.`ID`))) left join `alunno` `AL` on((`AC`.`ID_ALUNNO` = `AL`.`ID`))) order by `A`.`ANNO_SCOL`,`CL`.`ANNO`,`CL`.`SEZIONE`,`AL`.`COGNOME`,`AL`.`NOME`) */;
/*!50001 SET character_set_client      = @saved_cs_client */;
/*!50001 SET character_set_results     = @saved_cs_results */;
/*!50001 SET collation_connection      = @saved_col_connection */;

--
-- Final view structure for view `view_insegna`
--

/*!50001 DROP VIEW IF EXISTS `view_insegna`*/;
/*!50001 SET @saved_cs_client          = @@character_set_client */;
/*!50001 SET @saved_cs_results         = @@character_set_results */;
/*!50001 SET @saved_col_connection     = @@collation_connection */;
/*!50001 SET character_set_client      = utf8 */;
/*!50001 SET character_set_results     = utf8 */;
/*!50001 SET collation_connection      = utf8_general_ci */;
/*!50001 CREATE ALGORITHM=UNDEFINED */
/*!50013 DEFINER=`root`@`localhost` SQL SECURITY DEFINER */
/*!50001 VIEW `view_insegna` AS select `A`.`ANNO_SCOL` AS `ANNO_SCOL`,`D`.`NOME` AS `DOCENTE`,`M`.`NOME` AS `MATERIA`,`C`.`ANNO` AS `ANNO`,`C`.`SEZIONE` AS `SEZIONE` from ((((`insegna` `I` left join `materia` `M` on((`M`.`ID` = `I`.`ID_MATERIA`))) left join `docente` `D` on((`D`.`ID` = `I`.`ID_DOCENTE`))) left join `classe` `C` on((`C`.`ID` = `I`.`ID_CLASSE`))) left join `anno_scol` `A` on((`A`.`ID` = `I`.`IDANNO_SCOL`))) order by `A`.`ANNO_SCOL`,`C`.`ANNO`,`C`.`SEZIONE`,`M`.`NOME` */;
/*!50001 SET character_set_client      = @saved_cs_client */;
/*!50001 SET character_set_results     = @saved_cs_results */;
/*!50001 SET collation_connection      = @saved_col_connection */;
/*!40103 SET TIME_ZONE=@OLD_TIME_ZONE */;

/*!40101 SET SQL_MODE=@OLD_SQL_MODE */;
/*!40014 SET FOREIGN_KEY_CHECKS=@OLD_FOREIGN_KEY_CHECKS */;
/*!40014 SET UNIQUE_CHECKS=@OLD_UNIQUE_CHECKS */;
/*!40101 SET CHARACTER_SET_CLIENT=@OLD_CHARACTER_SET_CLIENT */;
/*!40101 SET CHARACTER_SET_RESULTS=@OLD_CHARACTER_SET_RESULTS */;
/*!40101 SET COLLATION_CONNECTION=@OLD_COLLATION_CONNECTION */;
/*!40111 SET SQL_NOTES=@OLD_SQL_NOTES */;

-- Dump completed on 2020-01-23 19:36:01
